ID, t, I
0, 0.000, 1707.0
1, 0.010, 1688.0
2, 0.020, 1684.0
3, 0.030, 1681.0
4, 0.040, 1684.0
5, 0.050, 1678.0
6, 0.060, 1680.0
7, 0.070, 1687.0
8, 0.080, 1685.0
9, 0.090, 1687.0
10, 0.100, 1686.0
11, 0.110, 1678.0
12, 0.120, 1684.0
13, 0.130, 1674.0
14, 0.140, 1677.0
15, 0.150, 1674.0
16, 0.160, 1676.0
17, 0.170, 1670.0
18, 0.180, 1666.0
19, 0.190, 1665.0
20, 0.200, 1663.0
21, 0.210, 1666.0
22, 0.220, 1667.0
23, 0.230, 1670.0
24, 0.240, 1671.0
25, 0.250, 1660.0
26, 0.260, 1677.0
27, 0.270, 1667.0
28, 0.280, 1665.0
29, 0.290, 1673.0
30, 0.300, 1674.0
31, 0.310, 1660.0
32, 0.320, 1670.0
33, 0.330, 1674.0
34, 0.340, 1675.0
35, 0.350, 1679.0
36, 0.360, 1684.0
37, 0.370, 1686.0
38, 0.380, 1689.0
39, 0.390, 1674.0
40, 0.400, 1684.0
41, 0.410, 1683.0
42, 0.420, 1686.0
43, 0.430, 1679.0
44, 0.440, 1680.0
45, 0.450, 1683.0
46, 0.460, 1689.0
47, 0.470, 1683.0
48, 0.480, 1682.0
49, 0.490, 1672.0
50, 0.500, 1670.0
51, 0.510, 1671.0
52, 0.520, 1668.0
53, 0.530, 1667.0
54, 0.540, 1668.0
55, 0.550, 1663.0
56, 0.560, 1660.0
57, 0.570, 1667.0
58, 0.580, 1667.0
59, 0.590, 1668.0
60, 0.600, 1661.0
61, 0.610, 1655.0
62, 0.620, 1676.0
63, 0.630, 1669.0
64, 0.640, 1671.0
65, 0.650, 1673.0
66, 0.660, 1677.0
67, 0.670, 1675.0
68, 0.680, 1682.0
69, 0.690, 1668.0
70, 0.700, 1680.0
71, 0.710, 1676.0
72, 0.720, 1678.0
73, 0.730, 1680.0
74, 0.740, 1683.0
75, 0.750, 1673.0
76, 0.760, 1685.0
77, 0.770, 1674.0
78, 0.780, 1678.0
79, 0.790, 1679.0
80, 0.800, 1680.0
81, 0.810, 1681.0
82, 0.820, 1680.0
83, 0.830, 1678.0
84, 0.840, 1675.0
85, 0.850, 1670.0
86, 0.860, 1664.0
87, 0.870, 1673.0
88, 0.880, 1680.0
89, 0.890, 1673.0
90, 0.900, 1671.0
91, 0.910, 1663.0
92, 0.920, 1664.0
93, 0.930, 1671.0
94, 0.940, 1675.0
95, 0.950, 1664.0
96, 0.960, 1667.0
97, 0.970, 1661.0
98, 0.980, 1670.0
99, 0.990, 1671.0
100, 1.000, 1668.0
101, 1.010, 1666.0
102, 1.020, 1672.0
103, 1.030, 1679.0
104, 1.040, 1679.0
105, 1.050, 1677.0
106, 1.060, 1677.0
107, 1.070, 1678.0
108, 1.080, 1680.0
109, 1.090, 1670.0
110, 1.100, 1679.0
111, 1.110, 1679.0
112, 1.120, 1687.0
113, 1.130, 1672.0
114, 1.140, 1670.0
115, 1.150, 1674.0
116, 1.160, 1679.0
117, 1.170, 1680.0
118, 1.180, 1676.0
119, 1.190, 1673.0
120, 1.200, 1678.0
121, 1.210, 1674.0
122, 1.220, 1673.0
123, 1.230, 1675.0
124, 1.240, 1672.0
125, 1.250, 1668.0
126, 1.260, 1663.0
127, 1.270, 1670.0
128, 1.280, 1661.0
129, 1.290, 1667.0
130, 1.300, 1667.0
131, 1.310, 1667.0
132, 1.320, 1676.0
133, 1.330, 1672.0
134, 1.340, 1675.0
135, 1.350, 1681.0
136, 1.360, 1675.0
137, 1.370, 1675.0
138, 1.380, 1678.0
139, 1.390, 1673.0
140, 1.400, 1683.0
141, 1.410, 1680.0
142, 1.420, 1687.0
143, 1.430, 1681.0
144, 1.440, 1685.0
145, 1.450, 1678.0
146, 1.460, 1679.0
147, 1.470, 1680.0
148, 1.480, 1682.0
149, 1.490, 1680.0
150, 1.500, 1678.0
151, 1.510, 1672.0
152, 1.520, 1686.0
153, 1.530, 1671.0
154, 1.540, 1667.0
155, 1.550, 1673.0
156, 1.560, 1670.0
157, 1.570, 1663.0
158, 1.580, 1676.0
159, 1.590, 1667.0
160, 1.600, 1677.0
161, 1.610, 1667.0
162, 1.620, 1665.0
163, 1.630, 1669.0
164, 1.640, 1673.0
165, 1.650, 1673.0
166, 1.660, 1668.0
167, 1.670, 1677.0
168, 1.680, 1681.0
169, 1.690, 1679.0
170, 1.700, 1681.0
171, 1.710, 1687.0
172, 1.720, 1685.0
173, 1.730, 1680.0
174, 1.740, 1680.0
175, 1.750, 1677.0
176, 1.760, 1682.0
177, 1.770, 1679.0
178, 1.780, 1681.0
179, 1.790, 1678.0
180, 1.800, 1671.0
181, 1.810, 1683.0
182, 1.820, 1682.0
183, 1.830, 1683.0
184, 1.840, 1685.0
185, 1.850, 1665.0
186, 1.860, 1668.0
187, 1.870, 1679.0
188, 1.880, 1673.0
189, 1.890, 1670.0
190, 1.900, 1673.0
191, 1.910, 1665.0
192, 1.920, 1664.0
193, 1.930, 1668.0
194, 1.940, 1669.0
195, 1.950, 1671.0
196, 1.960, 1677.0
197, 1.970, 1662.0
198, 1.980, 1677.0
199, 1.990, 1677.0
200, 2.000, 1672.0
201, 2.010, 1671.0
202, 2.020, 1689.0
203, 2.030, 1669.0
204, 2.040, 1676.0
205, 2.050, 1682.0
206, 2.060, 1685.0
207, 2.070, 1680.0
208, 2.080, 1688.0
209, 2.090, 1683.0
210, 2.100, 1690.0
211, 2.110, 1682.0
212, 2.120, 1680.0
213, 2.130, 1680.0
214, 2.140, 1687.0
215, 2.150, 1678.0
216, 2.160, 1683.0
217, 2.170, 1669.0
218, 2.180, 1675.0
219, 2.190, 1681.0
220, 2.200, 1680.0
221, 2.210, 1673.0
222, 2.220, 1670.0
223, 2.230, 1672.0
224, 2.240, 1670.0
225, 2.250, 1673.0
226, 2.260, 1667.0
227, 2.270, 1667.0
228, 2.280, 1679.0
229, 2.290, 1660.0
230, 2.300, 1664.0
231, 2.310, 1671.0
232, 2.320, 1669.0
233, 2.330, 1666.0
234, 2.340, 1668.0
235, 2.350, 1671.0
236, 2.360, 1677.0
237, 2.370, 1680.0
238, 2.380, 1683.0
239, 2.390, 1674.0
240, 2.400, 1680.0
241, 2.410, 1688.0
242, 2.420, 1684.0
243, 2.430, 1687.0
244, 2.440, 1680.0
245, 2.450, 1676.0
246, 2.460, 1685.0
247, 2.470, 1681.0
248, 2.480, 1681.0
249, 2.490, 1685.0
250, 2.500, 1680.0
251, 2.510, 1680.0
252, 2.520, 1684.0
253, 2.530, 1682.0
254, 2.540, 1685.0
255, 2.550, 1675.0
256, 2.560, 1676.0
257, 2.570, 1674.0
258, 2.580, 1681.0
259, 2.590, 1680.0
260, 2.600, 1681.0
261, 2.610, 1667.0
262, 2.620, 1682.0
263, 2.630, 1671.0
264, 2.640, 1678.0
265, 2.650, 1672.0
266, 2.660, 1673.0
267, 2.670, 1680.0
268, 2.680, 1671.0
269, 2.690, 1675.0
270, 2.700, 1676.0
271, 2.710, 1672.0
272, 2.720, 1681.0
273, 2.730, 1674.0
274, 2.740, 1677.0
275, 2.750, 1677.0
276, 2.760, 1680.0
277, 2.770, 1681.0
278, 2.780, 1687.0
279, 2.790, 1680.0
280, 2.800, 1677.0
281, 2.810, 1686.0
282, 2.820, 1689.0
283, 2.830, 1684.0
284, 2.840, 1685.0
285, 2.850, 1677.0
286, 2.860, 1679.0
287, 2.870, 1686.0
288, 2.880, 1678.0
289, 2.890, 1679.0
290, 2.900, 1672.0
291, 2.910, 1674.0
292, 2.920, 1673.0
293, 2.930, 1672.0
294, 2.940, 1679.0
295, 2.950, 1676.0
296, 2.960, 1671.0
297, 2.970, 1675.0
298, 2.980, 1674.0
299, 2.990, 1666.0
300, 3.000, 1678.0
301, 3.010, 1674.0
302, 3.020, 1669.0
303, 3.030, 1665.0
304, 3.040, 1667.0
305, 3.050, 1669.0
306, 3.060, 1670.0
307, 3.070, 1677.0
308, 3.080, 1673.0
309, 3.090, 1677.0
310, 3.100, 1682.0
311, 3.110, 1678.0
312, 3.120, 1681.0
313, 3.130, 1676.0
314, 3.140, 1680.0
315, 3.150, 1683.0
316, 3.160, 1680.0
317, 3.170, 1685.0
318, 3.180, 1692.0
319, 3.190, 1683.0
320, 3.200, 1687.0
321, 3.210, 1686.0
322, 3.220, 1691.0
323, 3.230, 1683.0
324, 3.240, 1678.0
325, 3.250, 1684.0
326, 3.260, 1674.0
327, 3.270, 1677.0
328, 3.280, 1677.0
329, 3.290, 1673.0
330, 3.300, 1673.0
331, 3.310, 1671.0
332, 3.320, 1669.0
333, 3.330, 1669.0
334, 3.340, 1680.0
335, 3.350, 1672.0
336, 3.360, 1671.0
337, 3.370, 1669.0
338, 3.380, 1669.0
339, 3.390, 1671.0
340, 3.400, 1668.0
341, 3.410, 1674.0
342, 3.420, 1675.0
343, 3.430, 1669.0
344, 3.440, 1673.0
345, 3.450, 1671.0
346, 3.460, 1668.0
347, 3.470, 1679.0
348, 3.480, 1681.0
349, 3.490, 1670.0
350, 3.500, 1677.0
351, 3.510, 1679.0
352, 3.520, 1686.0
353, 3.530, 1682.0
354, 3.540, 1677.0
355, 3.550, 1679.0
356, 3.560, 1682.0
357, 3.570, 1681.0
358, 3.580, 1687.0
359, 3.590, 1684.0
360, 3.600, 1678.0
361, 3.610, 1679.0
362, 3.620, 1685.0
363, 3.630, 1686.0
364, 3.640, 1680.0
365, 3.650, 1675.0
366, 3.660, 1678.0
367, 3.670, 1664.0
368, 3.680, 1671.0
369, 3.690, 1677.0
370, 3.700, 1676.0
371, 3.710, 1675.0
372, 3.720, 1674.0
373, 3.730, 1673.0
374, 3.740, 1673.0
375, 3.750, 1675.0
376, 3.760, 1670.0
377, 3.770, 1672.0
378, 3.780, 1670.0
379, 3.790, 1667.0
380, 3.800, 1669.0
381, 3.810, 1669.0
382, 3.820, 1671.0
383, 3.830, 1688.0
384, 3.840, 1667.0
385, 3.850, 1673.0
386, 3.860, 1681.0
387, 3.870, 1675.0
388, 3.880, 1681.0
389, 3.890, 1674.0
390, 3.900, 1683.0
391, 3.910, 1670.0
392, 3.920, 1680.0
393, 3.930, 1682.0
394, 3.940, 1681.0
395, 3.950, 1689.0
396, 3.960, 1680.0
397, 3.970, 1687.0
398, 3.980, 1681.0
399, 3.990, 1678.0
400, 4.000, 1683.0
401, 4.010, 1673.0
402, 4.020, 1683.0
403, 4.030, 1679.0
404, 4.040, 1673.0
405, 4.050, 1683.0
406, 4.060, 1672.0
407, 4.070, 1666.0
408, 4.080, 1671.0
409, 4.090, 1677.0
410, 4.100, 1677.0
411, 4.110, 1661.0
412, 4.120, 1671.0
413, 4.130, 1669.0
414, 4.140, 1678.0
415, 4.150, 1669.0
416, 4.160, 1668.0
417, 4.170, 1665.0
418, 4.180, 1666.0
419, 4.190, 1675.0
420, 4.200, 1674.0
421, 4.210, 1676.0
422, 4.220, 1680.0
423, 4.230, 1667.0
424, 4.240, 1675.0
425, 4.250, 1678.0
426, 4.260, 1678.0
427, 4.270, 1689.0
428, 4.280, 1677.0
429, 4.290, 1680.0
430, 4.300, 1676.0
431, 4.310, 1686.0
432, 4.320, 1690.0
433, 4.330, 1687.0
434, 4.340, 1678.0
435, 4.350, 1666.0
436, 4.360, 1690.0
437, 4.370, 1678.0
438, 4.380, 1681.0
439, 4.390, 1680.0
440, 4.400, 1682.0
441, 4.410, 1681.0
442, 4.420, 1670.0
443, 4.430, 1681.0
444, 4.440, 1689.0
445, 4.450, 1671.0
446, 4.460, 1681.0
447, 4.470, 1665.0
448, 4.480, 1673.0
449, 4.490, 1676.0
450, 4.500, 1675.0
451, 4.510, 1665.0
452, 4.520, 1664.0
453, 4.530, 1672.0
454, 4.540, 1677.0
455, 4.550, 1671.0
456, 4.560, 1674.0
457, 4.570, 1660.0
458, 4.580, 1663.0
459, 4.590, 1670.0
460, 4.600, 1680.0
461, 4.610, 1675.0
462, 4.620, 1672.0
463, 4.630, 1680.0
464, 4.640, 1668.0
465, 4.650, 1676.0
466, 4.660, 1684.0
467, 4.670, 1679.0
468, 4.680, 1676.0
469, 4.690, 1675.0
470, 4.700, 1677.0
471, 4.710, 1677.0
472, 4.720, 1687.0
473, 4.730, 1686.0
474, 4.740, 1675.0
475, 4.750, 1684.0
476, 4.760, 1692.0
477, 4.770, 1690.0
478, 4.780, 1687.0
479, 4.790, 1673.0
480, 4.800, 1691.0
481, 4.810, 1682.0
482, 4.820, 1683.0
483, 4.830, 1681.0
484, 4.840, 1679.0
485, 4.850, 1670.0
486, 4.860, 1670.0
487, 4.870, 1680.0
488, 4.880, 1679.0
489, 4.890, 1679.0
490, 4.900, 1678.0
491, 4.910, 1673.0
492, 4.920, 1671.0
493, 4.930, 1675.0
494, 4.940, 1680.0
495, 4.950, 1666.0
496, 4.960, 1670.0
497, 4.970, 1669.0
498, 4.980, 1670.0
499, 4.990, 1672.0
500, 5.000, 1672.0
501, 5.010, 1659.0
502, 5.020, 1673.0
503, 5.030, 1671.0
504, 5.040, 1675.0
505, 5.050, 1680.0
506, 5.060, 1664.0
507, 5.070, 1673.0
508, 5.080, 1675.0
509, 5.090, 1678.0
510, 5.100, 1682.0
511, 5.110, 1684.0
512, 5.120, 1694.0
513, 5.130, 1689.0
514, 5.140, 1688.0
515, 5.150, 1687.0
516, 5.160, 1694.0
517, 5.170, 1696.0
518, 5.180, 1686.0
519, 5.190, 1689.0
520, 5.200, 1688.0
521, 5.210, 1697.0
522, 5.220, 1700.0
523, 5.230, 1690.0
524, 5.240, 1685.0
525, 5.250, 1673.0
526, 5.260, 1691.0
527, 5.270, 1690.0
528, 5.280, 1677.0
529, 5.290, 1682.0
530, 5.300, 1677.0
531, 5.310, 1676.0
532, 5.320, 1679.0
533, 5.330, 1675.0
534, 5.340, 1684.0
535, 5.350, 1669.0
536, 5.360, 1674.0
537, 5.370, 1666.0
538, 5.380, 1666.0
539, 5.390, 1677.0
540, 5.400, 1670.0
541, 5.410, 1664.0
542, 5.420, 1670.0
543, 5.430, 1660.0
544, 5.440, 1675.0
545, 5.450, 1668.0
546, 5.460, 1676.0
547, 5.470, 1665.0
548, 5.480, 1669.0
549, 5.490, 1677.0
550, 5.500, 1669.0
551, 5.510, 1681.0
552, 5.520, 1667.0
553, 5.530, 1665.0
554, 5.540, 1671.0
555, 5.550, 1679.0
556, 5.560, 1689.0
557, 5.570, 1681.0
558, 5.580, 1681.0
559, 5.590, 1680.0
560, 5.600, 1680.0
561, 5.610, 1691.0
562, 5.620, 1699.0
563, 5.630, 1693.0
564, 5.640, 1679.0
565, 5.650, 1677.0
566, 5.660, 1695.0
567, 5.670, 1699.0
568, 5.680, 1694.0
569, 5.690, 1674.0
570, 5.700, 1681.0
571, 5.710, 1695.0
572, 5.720, 1705.0
573, 5.730, 1693.0
574, 5.740, 1678.0
575, 5.750, 1675.0
576, 5.760, 1683.0
577, 5.770, 1677.0
578, 5.780, 1680.0
579, 5.790, 1681.0
580, 5.800, 1680.0
581, 5.810, 1667.0
582, 5.820, 1662.0
583, 5.830, 1659.0
584, 5.840, 1676.0
585, 5.850, 1670.0
586, 5.860, 1655.0
587, 5.870, 1653.0
588, 5.880, 1667.0
589, 5.890, 1664.0
590, 5.900, 1678.0
591, 5.910, 1653.0
592, 5.920, 1661.0
593, 5.930, 1664.0
594, 5.940, 1678.0
595, 5.950, 1674.0
596, 5.960, 1681.0
597, 5.970, 1675.0
598, 5.980, 1677.0
599, 5.990, 1675.0
600, 6.000, 1680.0
601, 6.010, 1685.0
602, 6.020, 1692.0
603, 6.030, 1691.0
604, 6.040, 1683.0
605, 6.050, 1686.0
606, 6.060, 1699.0
607, 6.070, 1697.0
608, 6.080, 1686.0
609, 6.090, 1686.0
610, 6.100, 1691.0
611, 6.110, 1694.0
612, 6.120, 1703.0
613, 6.130, 1687.0
614, 6.140, 1685.0
615, 6.150, 1688.0
616, 6.160, 1692.0
617, 6.170, 1697.0
618, 6.180, 1693.0
619, 6.190, 1676.0
620, 6.200, 1681.0
621, 6.210, 1673.0
622, 6.220, 1687.0
623, 6.230, 1682.0
624, 6.240, 1678.0
625, 6.250, 1664.0
626, 6.260, 1668.0
627, 6.270, 1674.0
628, 6.280, 1678.0
629, 6.290, 1677.0
630, 6.300, 1675.0
631, 6.310, 1659.0
632, 6.320, 1671.0
633, 6.330, 1669.0
634, 6.340, 1673.0
635, 6.350, 1671.0
636, 6.360, 1659.0
637, 6.370, 1652.0
638, 6.380, 1661.0
639, 6.390, 1674.0
640, 6.400, 1672.0
641, 6.410, 1667.0
642, 6.420, 1674.0
643, 6.430, 1667.0
644, 6.440, 1680.0
645, 6.450, 1677.0
646, 6.460, 1679.0
647, 6.470, 1684.0
648, 6.480, 1679.0
649, 6.490, 1674.0
650, 6.500, 1673.0
651, 6.510, 1684.0
652, 6.520, 1699.0
653, 6.530, 1691.0
654, 6.540, 1679.0
655, 6.550, 1684.0
656, 6.560, 1702.0
657, 6.570, 1698.0
658, 6.580, 1685.0
659, 6.590, 1683.0
660, 6.600, 1687.0
661, 6.610, 1691.0
662, 6.620, 1703.0
663, 6.630, 1687.0
664, 6.640, 1689.0
665, 6.650, 1678.0
666, 6.660, 1693.0
667, 6.670, 1694.0
668, 6.680, 1681.0
669, 6.690, 1687.0
670, 6.700, 1670.0
671, 6.710, 1670.0
672, 6.720, 1683.0
673, 6.730, 1678.0
674, 6.740, 1680.0
675, 6.750, 1663.0
676, 6.760, 1661.0
677, 6.770, 1656.0
678, 6.780, 1664.0
679, 6.790, 1673.0
680, 6.800, 1662.0
681, 6.810, 1647.0
682, 6.820, 1654.0
683, 6.830, 1659.0
684, 6.840, 1671.0
685, 6.850, 1662.0
686, 6.860, 1655.0
687, 6.870, 1650.0
688, 6.880, 1671.0
689, 6.890, 1673.0
690, 6.900, 1670.0
691, 6.910, 1692.0
692, 6.920, 1671.0
693, 6.930, 1673.0
694, 6.940, 1679.0
695, 6.950, 1683.0
696, 6.960, 1699.0
697, 6.970, 1699.0
698, 6.980, 1687.0
699, 6.990, 1683.0
700, 7.000, 1693.0
701, 7.010, 1718.0
702, 7.020, 1711.0
703, 7.030, 1693.0
704, 7.040, 1690.0
705, 7.050, 1709.0
706, 7.060, 1716.0
707, 7.070, 1713.0
708, 7.080, 1701.0
709, 7.090, 1681.0
710, 7.100, 1693.0
711, 7.110, 1703.0
712, 7.120, 1693.0
713, 7.130, 1689.0
714, 7.140, 1676.0
715, 7.150, 1676.0
716, 7.160, 1678.0
717, 7.170, 1658.0
718, 7.180, 1675.0
719, 7.190, 1671.0
720, 7.200, 1660.0
721, 7.210, 1646.0
722, 7.220, 1644.0
723, 7.230, 1660.0
724, 7.240, 1676.0
725, 7.250, 1660.0
726, 7.260, 1648.0
727, 7.270, 1636.0
728, 7.280, 1663.0
729, 7.290, 1665.0
730, 7.300, 1677.0
731, 7.310, 1651.0
732, 7.320, 1651.0
733, 7.330, 1671.0
734, 7.340, 1672.0
735, 7.350, 1683.0
736, 7.360, 1675.0
737, 7.370, 1687.0
738, 7.380, 1687.0
739, 7.390, 1687.0
740, 7.400, 1693.0
741, 7.410, 1695.0
742, 7.420, 1704.0
743, 7.430, 1691.0
744, 7.440, 1682.0
745, 7.450, 1700.0
746, 7.460, 1726.0
747, 7.470, 1713.0
748, 7.480, 1699.0
749, 7.490, 1678.0
750, 7.500, 1688.0
751, 7.510, 1700.0
752, 7.520, 1708.0
753, 7.530, 1692.0
754, 7.540, 1670.0
755, 7.550, 1681.0
756, 7.560, 1680.0
757, 7.570, 1694.0
758, 7.580, 1669.0
759, 7.590, 1668.0
760, 7.600, 1669.0
761, 7.610, 1654.0
762, 7.620, 1665.0
763, 7.630, 1673.0
764, 7.640, 1668.0
765, 7.650, 1660.0
766, 7.660, 1639.0
767, 7.670, 1637.0
768, 7.680, 1668.0
769, 7.690, 1667.0
770, 7.700, 1655.0
771, 7.710, 1639.0
772, 7.720, 1648.0
773, 7.730, 1649.0
774, 7.740, 1667.0
775, 7.750, 1654.0
776, 7.760, 1662.0
777, 7.770, 1664.0
778, 7.780, 1661.0
779, 7.790, 1687.0
780, 7.800, 1674.0
781, 7.810, 1675.0
782, 7.820, 1677.0
783, 7.830, 1666.0
784, 7.840, 1674.0
785, 7.850, 1683.0
786, 7.860, 1697.0
787, 7.870, 1713.0
788, 7.880, 1685.0
789, 7.890, 1689.0
790, 7.900, 1688.0
791, 7.910, 1709.0
792, 7.920, 1715.0
793, 7.930, 1689.0
794, 7.940, 1684.0
795, 7.950, 1685.0
796, 7.960, 1707.0
797, 7.970, 1701.0
798, 7.980, 1686.0
799, 7.990, 1688.0
800, 8.000, 1661.0
801, 8.010, 1701.0
802, 8.020, 1671.0
803, 8.030, 1660.0
804, 8.040, 1683.0
805, 8.050, 1664.0
806, 8.060, 1671.0
807, 8.070, 1648.0
808, 8.080, 1655.0
809, 8.090, 1668.0
810, 8.100, 1643.0
811, 8.110, 1634.0
812, 8.120, 1632.0
813, 8.130, 1647.0
814, 8.140, 1667.0
815, 8.150, 1642.0
816, 8.160, 1619.0
817, 8.170, 1626.0
818, 8.180, 1649.0
819, 8.190, 1670.0
820, 8.200, 1652.0
821, 8.210, 1647.0
822, 8.220, 1643.0
823, 8.230, 1676.0
824, 8.240, 1682.0
825, 8.250, 1685.0
826, 8.260, 1683.0
827, 8.270, 1659.0
828, 8.280, 1679.0
829, 8.290, 1689.0
830, 8.300, 1700.0
831, 8.310, 1718.0
832, 8.320, 1691.0
833, 8.330, 1684.0
834, 8.340, 1662.0
835, 8.350, 1697.0
836, 8.360, 1716.0
837, 8.370, 1710.0
838, 8.380, 1688.0
839, 8.390, 1679.0
840, 8.400, 1686.0
841, 8.410, 1700.0
842, 8.420, 1709.0
843, 8.430, 1693.0
844, 8.440, 1673.0
845, 8.450, 1683.0
846, 8.460, 1695.0
847, 8.470, 1693.0
848, 8.480, 1686.0
849, 8.490, 1660.0
850, 8.500, 1683.0
851, 8.510, 1674.0
852, 8.520, 1656.0
853, 8.530, 1675.0
854, 8.540, 1660.0
855, 8.550, 1666.0
856, 8.560, 1644.0
857, 8.570, 1642.0
858, 8.580, 1661.0
859, 8.590, 1671.0
860, 8.600, 1647.0
861, 8.610, 1626.0
862, 8.620, 1626.0
863, 8.630, 1651.0
864, 8.640, 1668.0
865, 8.650, 1649.0
866, 8.660, 1623.0
867, 8.670, 1620.0
868, 8.680, 1650.0
869, 8.690, 1665.0
870, 8.700, 1665.0
871, 8.710, 1627.0
872, 8.720, 1649.0
873, 8.730, 1663.0
874, 8.740, 1667.0
875, 8.750, 1684.0
876, 8.760, 1664.0
877, 8.770, 1682.0
878, 8.780, 1690.0
879, 8.790, 1686.0
880, 8.800, 1721.0
881, 8.810, 1711.0
882, 8.820, 1715.0
883, 8.830, 1691.0
884, 8.840, 1684.0
885, 8.850, 1707.0
886, 8.860, 1731.0
887, 8.870, 1729.0
888, 8.880, 1719.0
889, 8.890, 1695.0
890, 8.900, 1706.0
891, 8.910, 1725.0
892, 8.920, 1735.0
893, 8.930, 1690.0
894, 8.940, 1679.0
895, 8.950, 1685.0
896, 8.960, 1700.0
897, 8.970, 1705.0
898, 8.980, 1679.0
899, 8.990, 1663.0
900, 9.000, 1662.0
901, 9.010, 1644.0
902, 9.020, 1662.0
903, 9.030, 1661.0
904, 9.040, 1655.0
905, 9.050, 1642.0
906, 9.060, 1615.0
907, 9.070, 1618.0
908, 9.080, 1654.0
909, 9.090, 1644.0
910, 9.100, 1631.0
911, 9.110, 1619.0
912, 9.120, 1632.0
913, 9.130, 1672.0
914, 9.140, 1667.0
915, 9.150, 1652.0
916, 9.160, 1636.0
917, 9.170, 1640.0
918, 9.180, 1652.0
919, 9.190, 1680.0
920, 9.200, 1677.0
921, 9.210, 1694.0
922, 9.220, 1684.0
923, 9.230, 1692.0
924, 9.240, 1689.0
925, 9.250, 1668.0
926, 9.260, 1657.0
927, 9.270, 1695.0
928, 9.280, 1693.0
929, 9.290, 1671.0
930, 9.300, 1708.0
931, 9.310, 1679.0
932, 9.320, 1694.0
933, 9.330, 1697.0
934, 9.340, 1663.0
935, 9.350, 1653.0
936, 9.360, 1710.0
937, 9.370, 1736.0
938, 9.380, 1695.0
939, 9.390, 1675.0
940, 9.400, 1706.0
941, 9.410, 1709.0
942, 9.420, 1656.0
943, 9.430, 1652.0
944, 9.440, 1651.0
945, 9.450, 1670.0
946, 9.460, 1640.0
947, 9.470, 1613.0
948, 9.480, 1645.0
949, 9.490, 1672.0
950, 9.500, 1657.0
951, 9.510, 1606.0
952, 9.520, 1618.0
953, 9.530, 1640.0
954, 9.540, 1685.0
955, 9.550, 1638.0
956, 9.560, 1625.0
957, 9.570, 1619.0
958, 9.580, 1650.0
959, 9.590, 1661.0
960, 9.600, 1644.0
961, 9.610, 1664.0
962, 9.620, 1633.0
963, 9.630, 1647.0
964, 9.640, 1655.0
965, 9.650, 1704.0
966, 9.660, 1694.0
967, 9.670, 1661.0
968, 9.680, 1662.0
969, 9.690, 1687.0
970, 9.700, 1734.0
971, 9.710, 1737.0
972, 9.720, 1687.0
973, 9.730, 1692.0
974, 9.740, 1688.0
975, 9.750, 1733.0
976, 9.760, 1749.0
977, 9.770, 1742.0
978, 9.780, 1722.0
979, 9.790, 1671.0
980, 9.800, 1712.0
981, 9.810, 1779.0
982, 9.820, 1742.0
983, 9.830, 1711.0
984, 9.840, 1663.0
985, 9.850, 1687.0
986, 9.860, 1717.0
987, 9.870, 1701.0
988, 9.880, 1683.0
989, 9.890, 1661.0
990, 9.900, 1677.0
991, 9.910, 1637.0
992, 9.920, 1629.0
993, 9.930, 1650.0
994, 9.940, 1648.0
995, 9.950, 1631.0
996, 9.960, 1623.0
997, 9.970, 1604.0
998, 9.980, 1641.0
999, 9.990, 1648.0
1000, 10.000, 1629.0
1001, 10.010, 1611.0
1002, 10.020, 1616.0
1003, 10.030, 1648.0
1004, 10.040, 1659.0
1005, 10.050, 1635.0
1006, 10.060, 1621.0
1007, 10.070, 1638.0
1008, 10.080, 1665.0
1009, 10.090, 1678.0
1010, 10.100, 1676.0
1011, 10.110, 1619.0
1012, 10.120, 1629.0
1013, 10.130, 1649.0
1014, 10.140, 1673.0
1015, 10.150, 1732.0
1016, 10.160, 1724.0
1017, 10.170, 1700.0
1018, 10.180, 1695.0
1019, 10.190, 1683.0
1020, 10.200, 1735.0
1021, 10.210, 1765.0
1022, 10.220, 1746.0
1023, 10.230, 1711.0
1024, 10.240, 1703.0
1025, 10.250, 1739.0
1026, 10.260, 1747.0
1027, 10.270, 1762.0
1028, 10.280, 1697.0
1029, 10.290, 1648.0
1030, 10.300, 1686.0
1031, 10.310, 1776.0
1032, 10.320, 1773.0
1033, 10.330, 1700.0
1034, 10.340, 1688.0
1035, 10.350, 1647.0
1036, 10.360, 1653.0
1037, 10.370, 1693.0
1038, 10.380, 1679.0
1039, 10.390, 1678.0
1040, 10.400, 1647.0
1041, 10.410, 1591.0
1042, 10.420, 1622.0
1043, 10.430, 1643.0
1044, 10.440, 1644.0
1045, 10.450, 1623.0
1046, 10.460, 1583.0
1047, 10.470, 1588.0
1048, 10.480, 1629.0
1049, 10.490, 1645.0
1050, 10.500, 1618.0
1051, 10.510, 1570.0
1052, 10.520, 1600.0
1053, 10.530, 1615.0
1054, 10.540, 1643.0
1055, 10.550, 1630.0
1056, 10.560, 1625.0
1057, 10.570, 1626.0
1058, 10.580, 1647.0
1059, 10.590, 1671.0
1060, 10.600, 1649.0
1061, 10.610, 1669.0
1062, 10.620, 1702.0
1063, 10.630, 1696.0
1064, 10.640, 1710.0
1065, 10.650, 1703.0
1066, 10.660, 1706.0
1067, 10.670, 1756.0
1068, 10.680, 1712.0
1069, 10.690, 1707.0
1070, 10.700, 1755.0
1071, 10.710, 1791.0
1072, 10.720, 1823.0
1073, 10.730, 1706.0
1074, 10.740, 1707.0
1075, 10.750, 1736.0
1076, 10.760, 1781.0
1077, 10.770, 1774.0
1078, 10.780, 1713.0
1079, 10.790, 1707.0
1080, 10.800, 1717.0
1081, 10.810, 1699.0
1082, 10.820, 1675.0
1083, 10.830, 1681.0
1084, 10.840, 1689.0
1085, 10.850, 1645.0
1086, 10.860, 1663.0
1087, 10.870, 1651.0
1088, 10.880, 1651.0
1089, 10.890, 1647.0
1090, 10.900, 1601.0
1091, 10.910, 1590.0
1092, 10.920, 1619.0
1093, 10.930, 1635.0
1094, 10.940, 1635.0
1095, 10.950, 1587.0
1096, 10.960, 1580.0
1097, 10.970, 1589.0
1098, 10.980, 1629.0
1099, 10.990, 1632.0
1100, 11.000, 1604.0
1101, 11.010, 1593.0
1102, 11.020, 1621.0
1103, 11.030, 1662.0
1104, 11.040, 1660.0
1105, 11.050, 1642.0
1106, 11.060, 1650.0
1107, 11.070, 1661.0
1108, 11.080, 1693.0
1109, 11.090, 1703.0
1110, 11.100, 1700.0
1111, 11.110, 1743.0
1112, 11.120, 1736.0
1113, 11.130, 1719.0
1114, 11.140, 1732.0
1115, 11.150, 1759.0
1116, 11.160, 1913.0
1117, 11.170, 1805.0
1118, 11.180, 1728.0
1119, 11.190, 1717.0
1120, 11.200, 1777.0
1121, 11.210, 1879.0
1122, 11.220, 1769.0
1123, 11.230, 1708.0
1124, 11.240, 1700.0
1125, 11.250, 1734.0
1126, 11.260, 1748.0
1127, 11.270, 1727.0
1128, 11.280, 1694.0
1129, 11.290, 1664.0
1130, 11.300, 1669.0
1131, 11.310, 1650.0
1132, 11.320, 1649.0
1133, 11.330, 1659.0
1134, 11.340, 1644.0
1135, 11.350, 1608.0
1136, 11.360, 1596.0
1137, 11.370, 1602.0
1138, 11.380, 1639.0
1139, 11.390, 1628.0
1140, 11.400, 1585.0
1141, 11.410, 1565.0
1142, 11.420, 1577.0
1143, 11.430, 1625.0
1144, 11.440, 1632.0
1145, 11.450, 1607.0
1146, 11.460, 1581.0
1147, 11.470, 1586.0
1148, 11.480, 1636.0
1149, 11.490, 1650.0
1150, 11.500, 1629.0
1151, 11.510, 1614.0
1152, 11.520, 1657.0
1153, 11.530, 1682.0
1154, 11.540, 1683.0
1155, 11.550, 1693.0
1156, 11.560, 1677.0
1157, 11.570, 1690.0
1158, 11.580, 1708.0
1159, 11.590, 1704.0
1160, 11.600, 1761.0
1161, 11.610, 1777.0
1162, 11.620, 1756.0
1163, 11.630, 1743.0
1164, 11.640, 1728.0
1165, 11.650, 1863.0
1166, 11.660, 1970.0
1167, 11.670, 1884.0
1168, 11.680, 1764.0
1169, 11.690, 1736.0
1170, 11.700, 1810.0
1171, 11.710, 1877.0
1172, 11.720, 1818.0
1173, 11.730, 1722.0
1174, 11.740, 1728.0
1175, 11.750, 1752.0
1176, 11.760, 1731.0
1177, 11.770, 1725.0
1178, 11.780, 1674.0
1179, 11.790, 1663.0
1180, 11.800, 1685.0
1181, 11.810, 1662.0
1182, 11.820, 1672.0
1183, 11.830, 1655.0
1184, 11.840, 1616.0
1185, 11.850, 1586.0
1186, 11.860, 1567.0
1187, 11.870, 1612.0
1188, 11.880, 1633.0
1189, 11.890, 1615.0
1190, 11.900, 1578.0
1191, 11.910, 1536.0
1192, 11.920, 1591.0
1193, 11.930, 1622.0
1194, 11.940, 1631.0
1195, 11.950, 1591.0
1196, 11.960, 1576.0
1197, 11.970, 1612.0
1198, 11.980, 1650.0
1199, 11.990, 1654.0
1200, 12.000, 1609.0
1201, 12.010, 1612.0
1202, 12.020, 1649.0
1203, 12.030, 1668.0
1204, 12.040, 1692.0
1205, 12.050, 1691.0
1206, 12.060, 1694.0
1207, 12.070, 1715.0
1208, 12.080, 1697.0
1209, 12.090, 1717.0
1210, 12.100, 1794.0
1211, 12.110, 1842.0
1212, 12.120, 1874.0
1213, 12.130, 1739.0
1214, 12.140, 1762.0
1215, 12.150, 1933.0
1216, 12.160, 2028.0
1217, 12.170, 1998.0
1218, 12.180, 1762.0
1219, 12.190, 1755.0
1220, 12.200, 1918.0
1221, 12.210, 2074.0
1222, 12.220, 1865.0
1223, 12.230, 1713.0
1224, 12.240, 1711.0
1225, 12.250, 1708.0
1226, 12.260, 1774.0
1227, 12.270, 1742.0
1228, 12.280, 1683.0
1229, 12.290, 1674.0
1230, 12.300, 1634.0
1231, 12.310, 1622.0
1232, 12.320, 1625.0
1233, 12.330, 1629.0
1234, 12.340, 1651.0
1235, 12.350, 1573.0
1236, 12.360, 1569.0
1237, 12.370, 1584.0
1238, 12.380, 1602.0
1239, 12.390, 1613.0
1240, 12.400, 1559.0
1241, 12.410, 1553.0
1242, 12.420, 1597.0
1243, 12.430, 1617.0
1244, 12.440, 1629.0
1245, 12.450, 1586.0
1246, 12.460, 1570.0
1247, 12.470, 1604.0
1248, 12.480, 1632.0
1249, 12.490, 1633.0
1250, 12.500, 1622.0
1251, 12.510, 1615.0
1252, 12.520, 1626.0
1253, 12.530, 1657.0
1254, 12.540, 1683.0
1255, 12.550, 1665.0
1256, 12.560, 1727.0
1257, 12.570, 1714.0
1258, 12.580, 1699.0
1259, 12.590, 1722.0
1260, 12.600, 1715.0
1261, 12.610, 1820.0
1262, 12.620, 1756.0
1263, 12.630, 1741.0
1264, 12.640, 1756.0
1265, 12.650, 1831.0
1266, 12.660, 2059.0
1267, 12.670, 1901.0
1268, 12.680, 1753.0
1269, 12.690, 1783.0
1270, 12.700, 1943.0
1271, 12.710, 2078.0
1272, 12.720, 1987.0
1273, 12.730, 1757.0
1274, 12.740, 1747.0
1275, 12.750, 1795.0
1276, 12.760, 1817.0
1277, 12.770, 1744.0
1278, 12.780, 1691.0
1279, 12.790, 1674.0
1280, 12.800, 1713.0
1281, 12.810, 1705.0
1282, 12.820, 1670.0
1283, 12.830, 1655.0
1284, 12.840, 1627.0
1285, 12.850, 1615.0
1286, 12.860, 1634.0
1287, 12.870, 1608.0
1288, 12.880, 1642.0
1289, 12.890, 1609.0
1290, 12.900, 1564.0
1291, 12.910, 1555.0
1292, 12.920, 1577.0
1293, 12.930, 1622.0
1294, 12.940, 1608.0
1295, 12.950, 1558.0
1296, 12.960, 1558.0
1297, 12.970, 1585.0
1298, 12.980, 1644.0
1299, 12.990, 1627.0
1300, 13.000, 1573.0
1301, 13.010, 1572.0
1302, 13.020, 1631.0
1303, 13.030, 1683.0
1304, 13.040, 1660.0
1305, 13.050, 1625.0
1306, 13.060, 1620.0
1307, 13.070, 1660.0
1308, 13.080, 1701.0
1309, 13.090, 1705.0
1310, 13.100, 1719.0
1311, 13.110, 1706.0
1312, 13.120, 1713.0
1313, 13.130, 1737.0
1314, 13.140, 1730.0
1315, 13.150, 1962.0
1316, 13.160, 2036.0
1317, 13.170, 1831.0
1318, 13.180, 1813.0
1319, 13.190, 1825.0
1320, 13.200, 2058.0
1321, 13.210, 2170.0
1322, 13.220, 1996.0
1323, 13.230, 1839.0
1324, 13.240, 1803.0
1325, 13.250, 2057.0
1326, 13.260, 2131.0
1327, 13.270, 1891.0
1328, 13.280, 1726.0
1329, 13.290, 1708.0
1330, 13.300, 1763.0
1331, 13.310, 1766.0
1332, 13.320, 1713.0
1333, 13.330, 1683.0
1334, 13.340, 1673.0
1335, 13.350, 1670.0
1336, 13.360, 1652.0
1337, 13.370, 1646.0
1338, 13.380, 1647.0
1339, 13.390, 1604.0
1340, 13.400, 1576.0
1341, 13.410, 1565.0
1342, 13.420, 1585.0
1343, 13.430, 1621.0
1344, 13.440, 1569.0
1345, 13.450, 1543.0
1346, 13.460, 1542.0
1347, 13.470, 1553.0
1348, 13.480, 1609.0
1349, 13.490, 1575.0
1350, 13.500, 1537.0
1351, 13.510, 1540.0
1352, 13.520, 1573.0
1353, 13.530, 1632.0
1354, 13.540, 1606.0
1355, 13.550, 1558.0
1356, 13.560, 1578.0
1357, 13.570, 1631.0
1358, 13.580, 1660.0
1359, 13.590, 1667.0
1360, 13.600, 1644.0
1361, 13.610, 1628.0
1362, 13.620, 1688.0
1363, 13.630, 1723.0
1364, 13.640, 1708.0
1365, 13.650, 1786.0
1366, 13.660, 1759.0
1367, 13.670, 1755.0
1368, 13.680, 1743.0
1369, 13.690, 1788.0
1370, 13.700, 2065.0
1371, 13.710, 2031.0
1372, 13.720, 1919.0
1373, 13.730, 1752.0
1374, 13.740, 1792.0
1375, 13.750, 2165.0
1376, 13.760, 2169.0
1377, 13.770, 2064.0
1378, 13.780, 1784.0
1379, 13.790, 1804.0
1380, 13.800, 2083.0
1381, 13.810, 2161.0
1382, 13.820, 1934.0
1383, 13.830, 1740.0
1384, 13.840, 1733.0
1385, 13.850, 1702.0
1386, 13.860, 1713.0
1387, 13.870, 1700.0
1388, 13.880, 1676.0
1389, 13.890, 1669.0
1390, 13.900, 1632.0
1391, 13.910, 1572.0
1392, 13.920, 1617.0
1393, 13.930, 1613.0
1394, 13.940, 1609.0
1395, 13.950, 1569.0
1396, 13.960, 1528.0
1397, 13.970, 1589.0
1398, 13.980, 1601.0
1399, 13.990, 1587.0
1400, 14.000, 1510.0
1401, 14.010, 1493.0
1402, 14.020, 1573.0
1403, 14.030, 1600.0
1404, 14.040, 1585.0
1405, 14.050, 1521.0
1406, 14.060, 1505.0
1407, 14.070, 1574.0
1408, 14.080, 1616.0
1409, 14.090, 1608.0
1410, 14.100, 1572.0
1411, 14.110, 1596.0
1412, 14.120, 1645.0
1413, 14.130, 1669.0
1414, 14.140, 1668.0
1415, 14.150, 1640.0
1416, 14.160, 1663.0
1417, 14.170, 1707.0
1418, 14.180, 1708.0
1419, 14.190, 1755.0
1420, 14.200, 1731.0
1421, 14.210, 1757.0
1422, 14.220, 1769.0
1423, 14.230, 1731.0
1424, 14.240, 1852.0
1425, 14.250, 2061.0
1426, 14.260, 2097.0
1427, 14.270, 1969.0
1428, 14.280, 1768.0
1429, 14.290, 1871.0
1430, 14.300, 2140.0
1431, 14.310, 2169.0
1432, 14.320, 2088.0
1433, 14.330, 1757.0
1434, 14.340, 1820.0
1435, 14.350, 2121.0
1436, 14.360, 2126.0
1437, 14.370, 1875.0
1438, 14.380, 1730.0
1439, 14.390, 1822.0
1440, 14.400, 1888.0
1441, 14.410, 1833.0
1442, 14.420, 1700.0
1443, 14.430, 1653.0
1444, 14.440, 1703.0
1445, 14.450, 1703.0
1446, 14.460, 1693.0
1447, 14.470, 1635.0
1448, 14.480, 1620.0
1449, 14.490, 1603.0
1450, 14.500, 1584.0
1451, 14.510, 1603.0
1452, 14.520, 1599.0
1453, 14.530, 1591.0
1454, 14.540, 1570.0
1455, 14.550, 1505.0
1456, 14.560, 1509.0
1457, 14.570, 1559.0
1458, 14.580, 1585.0
1459, 14.590, 1558.0
1460, 14.600, 1496.0
1461, 14.610, 1483.0
1462, 14.620, 1570.0
1463, 14.630, 1599.0
1464, 14.640, 1568.0
1465, 14.650, 1508.0
1466, 14.660, 1509.0
1467, 14.670, 1602.0
1468, 14.680, 1644.0
1469, 14.690, 1623.0
1470, 14.700, 1579.0
1471, 14.710, 1627.0
1472, 14.720, 1671.0
1473, 14.730, 1682.0
1474, 14.740, 1727.0
1475, 14.750, 1742.0
1476, 14.760, 1678.0
1477, 14.770, 1667.0
1478, 14.780, 1679.0
1479, 14.790, 1759.0
1480, 14.800, 2061.0
1481, 14.810, 2179.0
1482, 14.820, 1885.0
1483, 14.830, 1779.0
1484, 14.840, 2059.0
1485, 14.850, 2140.0
1486, 14.860, 2171.0
1487, 14.870, 2007.0
1488, 14.880, 1766.0
1489, 14.890, 2116.0
1490, 14.900, 2190.0
1491, 14.910, 2239.0
1492, 14.920, 2098.0
1493, 14.930, 1804.0
1494, 14.940, 1902.0
1495, 14.950, 2134.0
1496, 14.960, 2156.0
1497, 14.970, 1827.0
1498, 14.980, 1704.0
1499, 14.990, 1810.0
1500, 15.000, 1928.0
1501, 15.010, 1809.0
1502, 15.020, 1675.0
1503, 15.030, 1639.0
1504, 15.040, 1676.0
1505, 15.050, 1709.0
1506, 15.060, 1702.0
1507, 15.070, 1626.0
1508, 15.080, 1614.0
1509, 15.090, 1585.0
1510, 15.100, 1573.0
1511, 15.110, 1599.0
1512, 15.120, 1572.0
1513, 15.130, 1606.0
1514, 15.140, 1577.0
1515, 15.150, 1479.0
1516, 15.160, 1519.0
1517, 15.170, 1549.0
1518, 15.180, 1606.0
1519, 15.190, 1569.0
1520, 15.200, 1492.0
1521, 15.210, 1502.0
1522, 15.220, 1578.0
1523, 15.230, 1608.0
1524, 15.240, 1591.0
1525, 15.250, 1496.0
1526, 15.260, 1509.0
1527, 15.270, 1588.0
1528, 15.280, 1646.0
1529, 15.290, 1627.0
1530, 15.300, 1601.0
1531, 15.310, 1580.0
1532, 15.320, 1632.0
1533, 15.330, 1667.0
1534, 15.340, 1677.0
1535, 15.350, 1670.0
1536, 15.360, 1697.0
1537, 15.370, 1727.0
1538, 15.380, 1739.0
1539, 15.390, 1722.0
1540, 15.400, 1757.0
1541, 15.410, 2067.0
1542, 15.420, 1821.0
1543, 15.430, 1812.0
1544, 15.440, 1879.0
1545, 15.450, 2151.0
1546, 15.460, 2192.0
1547, 15.470, 2078.0
1548, 15.480, 1885.0
1549, 15.490, 2169.0
1550, 15.500, 2236.0
1551, 15.510, 2253.0
1552, 15.520, 2160.0
1553, 15.530, 1942.0
1554, 15.540, 2119.0
1555, 15.550, 2191.0
1556, 15.560, 2228.0
1557, 15.570, 2015.0
1558, 15.580, 1738.0
1559, 15.590, 1809.0
1560, 15.600, 2139.0
1561, 15.610, 1906.0
1562, 15.620, 1721.0
1563, 15.630, 1680.0
1564, 15.640, 1690.0
1565, 15.650, 1765.0
1566, 15.660, 1741.0
1567, 15.670, 1634.0
1568, 15.680, 1618.0
1569, 15.690, 1581.0
1570, 15.700, 1609.0
1571, 15.710, 1585.0
1572, 15.720, 1570.0
1573, 15.730, 1595.0
1574, 15.740, 1558.0
1575, 15.750, 1482.0
1576, 15.760, 1503.0
1577, 15.770, 1538.0
1578, 15.780, 1600.0
1579, 15.790, 1551.0
1580, 15.800, 1476.0
1581, 15.810, 1488.0
1582, 15.820, 1549.0
1583, 15.830, 1599.0
1584, 15.840, 1546.0
1585, 15.850, 1510.0
1586, 15.860, 1531.0
1587, 15.870, 1596.0
1588, 15.880, 1636.0
1589, 15.890, 1626.0
1590, 15.900, 1639.0
1591, 15.910, 1605.0
1592, 15.920, 1642.0
1593, 15.930, 1711.0
1594, 15.940, 1703.0
1595, 15.950, 1762.0
1596, 15.960, 1796.0
1597, 15.970, 1762.0
1598, 15.980, 1792.0
1599, 15.990, 1845.0
1600, 16.000, 2104.0
1601, 16.010, 2211.0
1602, 16.020, 2059.0
1603, 16.030, 1972.0
1604, 16.040, 2143.0
1605, 16.050, 2257.0
1606, 16.060, 2264.0
1607, 16.070, 2113.0
1608, 16.080, 1953.0
1609, 16.090, 2128.0
1610, 16.100, 2257.0
1611, 16.110, 2217.0
1612, 16.120, 1853.0
1613, 16.130, 1731.0
1614, 16.140, 1829.0
1615, 16.150, 2066.0
1616, 16.160, 1838.0
1617, 16.170, 1716.0
1618, 16.180, 1673.0
1619, 16.190, 1657.0
1620, 16.200, 1714.0
1621, 16.210, 1596.0
1622, 16.220, 1591.0
1623, 16.230, 1611.0
1624, 16.240, 1546.0
1625, 16.250, 1535.0
1626, 16.260, 1520.0
1627, 16.270, 1528.0
1628, 16.280, 1595.0
1629, 16.290, 1510.0
1630, 16.300, 1450.0
1631, 16.310, 1472.0
1632, 16.320, 1560.0
1633, 16.330, 1597.0
1634, 16.340, 1510.0
1635, 16.350, 1471.0
1636, 16.360, 1512.0
1637, 16.370, 1603.0
1638, 16.380, 1653.0
1639, 16.390, 1634.0
1640, 16.400, 1592.0
1641, 16.410, 1529.0
1642, 16.420, 1617.0
1643, 16.430, 1662.0
1644, 16.440, 1794.0
1645, 16.450, 2220.0
1646, 16.460, 2099.0
1647, 16.470, 1733.0
1648, 16.480, 1739.0
1649, 16.490, 1692.0
1650, 16.500, 2196.0
1651, 16.510, 2189.0
1652, 16.520, 1870.0
1653, 16.530, 1794.0
1654, 16.540, 1787.0
1655, 16.550, 2087.0
1656, 16.560, 2068.0
1657, 16.570, 1902.0
1658, 16.580, 1661.0
1659, 16.590, 1775.0
1660, 16.600, 2244.0
1661, 16.610, 2217.0
1662, 16.620, 1960.0
1663, 16.630, 1688.0
1664, 16.640, 1689.0
1665, 16.650, 1693.0
1666, 16.660, 1690.0
1667, 16.670, 1676.0
1668, 16.680, 1658.0
1669, 16.690, 1703.0
1670, 16.700, 1716.0
1671, 16.710, 1552.0
1672, 16.720, 1597.0
1673, 16.730, 1590.0
1674, 16.740, 1606.0
1675, 16.750, 1666.0
1676, 16.760, 1586.0
1677, 16.770, 1600.0
1678, 16.780, 1649.0
1679, 16.790, 1595.0
1680, 16.800, 1476.0
1681, 16.810, 1499.0
1682, 16.820, 1626.0
1683, 16.830, 1603.0
1684, 16.840, 1728.0
1685, 16.850, 1739.0
1686, 16.860, 1572.0
1687, 16.870, 1593.0
1688, 16.880, 1634.0
1689, 16.890, 1646.0
1690, 16.900, 1793.0
1691, 16.910, 2115.0
1692, 16.920, 1818.0
1693, 16.930, 1711.0
1694, 16.940, 1702.0
1695, 16.950, 1764.0
1696, 16.960, 1849.0
1697, 16.970, 1962.0
1698, 16.980, 1805.0
1699, 16.990, 2195.0
1700, 17.000, 2225.0
1701, 17.010, 2174.0
1702, 17.020, 1986.0
1703, 17.030, 1915.0
1704, 17.040, 2216.0
1705, 17.050, 2261.0
1706, 17.060, 2227.0
1707, 17.070, 2154.0
1708, 17.080, 2015.0
1709, 17.090, 2221.0
1710, 17.100, 2222.0
1711, 17.110, 1866.0
1712, 17.120, 1678.0
1713, 17.130, 1678.0
1714, 17.140, 2103.0
1715, 17.150, 2159.0
1716, 17.160, 1916.0
1717, 17.170, 1665.0
1718, 17.180, 1597.0
1719, 17.190, 1617.0
1720, 17.200, 1636.0
1721, 17.210, 1667.0
1722, 17.220, 1659.0
1723, 17.230, 1552.0
1724, 17.240, 1494.0
1725, 17.250, 1415.0
1726, 17.260, 1501.0
1727, 17.270, 1560.0
1728, 17.280, 1548.0
1729, 17.290, 1481.0
1730, 17.300, 1457.0
1731, 17.310, 1465.0
1732, 17.320, 1543.0
1733, 17.330, 1556.0
1734, 17.340, 1500.0
1735, 17.350, 1501.0
1736, 17.360, 1535.0
1737, 17.370, 1611.0
1738, 17.380, 1665.0
1739, 17.390, 1614.0
1740, 17.400, 1562.0
1741, 17.410, 1617.0
1742, 17.420, 1672.0
1743, 17.430, 1706.0
1744, 17.440, 2136.0
1745, 17.450, 1825.0
1746, 17.460, 1721.0
1747, 17.470, 1731.0
1748, 17.480, 1710.0
1749, 17.490, 2178.0
1750, 17.500, 2229.0
1751, 17.510, 2256.0
1752, 17.520, 1978.0
1753, 17.530, 2070.0
1754, 17.540, 2213.0
1755, 17.550, 2276.0
1756, 17.560, 2299.0
1757, 17.570, 2183.0
1758, 17.580, 2144.0
1759, 17.590, 2210.0
1760, 17.600, 2284.0
1761, 17.610, 2195.0
1762, 17.620, 1779.0
1763, 17.630, 1791.0
1764, 17.640, 1992.0
1765, 17.650, 2118.0
1766, 17.660, 1993.0
1767, 17.670, 1683.0
1768, 17.680, 1673.0
1769, 17.690, 1570.0
1770, 17.700, 1603.0
1771, 17.710, 1593.0
1772, 17.720, 1569.0
1773, 17.730, 1576.0
1774, 17.740, 1510.0
1775, 17.750, 1443.0
1776, 17.760, 1478.0
1777, 17.770, 1500.0
1778, 17.780, 1521.0
1779, 17.790, 1429.0
1780, 17.800, 1407.0
1781, 17.810, 1475.0
1782, 17.820, 1569.0
1783, 17.830, 1599.0
1784, 17.840, 1512.0
1785, 17.850, 1450.0
1786, 17.860, 1510.0
1787, 17.870, 1622.0
1788, 17.880, 1692.0
1789, 17.890, 1645.0
1790, 17.900, 1667.0
1791, 17.910, 1672.0
1792, 17.920, 1684.0
1793, 17.930, 1715.0
1794, 17.940, 1702.0
1795, 17.950, 2172.0
1796, 17.960, 2159.0
1797, 17.970, 1895.0
1798, 17.980, 1946.0
1799, 17.990, 2091.0
1800, 18.000, 2272.0
1801, 18.010, 2276.0
1802, 18.020, 2077.0
1803, 18.030, 2081.0
1804, 18.040, 2205.0
1805, 18.050, 2305.0
1806, 18.060, 2269.0
1807, 18.070, 2144.0
1808, 18.080, 2164.0
1809, 18.090, 2284.0
1810, 18.100, 2355.0
1811, 18.110, 2207.0
1812, 18.120, 1732.0
1813, 18.130, 1700.0
1814, 18.140, 2036.0
1815, 18.150, 2230.0
1816, 18.160, 1852.0
1817, 18.170, 1683.0
1818, 18.180, 1623.0
1819, 18.190, 1542.0
1820, 18.200, 1629.0
1821, 18.210, 1640.0
1822, 18.220, 1667.0
1823, 18.230, 1603.0
1824, 18.240, 1450.0
1825, 18.250, 1448.0
1826, 18.260, 1545.0
1827, 18.270, 1594.0
1828, 18.280, 1586.0
1829, 18.290, 1527.0
1830, 18.300, 1437.0
1831, 18.310, 1468.0
1832, 18.320, 1549.0
1833, 18.330, 1550.0
1834, 18.340, 1552.0
1835, 18.350, 1552.0
1836, 18.360, 1592.0
1837, 18.370, 1628.0
1838, 18.380, 1595.0
1839, 18.390, 1579.0
1840, 18.400, 1623.0
1841, 18.410, 1656.0
1842, 18.420, 1773.0
1843, 18.430, 1755.0
1844, 18.440, 1696.0
1845, 18.450, 1774.0
1846, 18.460, 1894.0
1847, 18.470, 2019.0
1848, 18.480, 1928.0
1849, 18.490, 2102.0
1850, 18.500, 2209.0
1851, 18.510, 2227.0
1852, 18.520, 2160.0
1853, 18.530, 2153.0
1854, 18.540, 2197.0
1855, 18.550, 2323.0
1856, 18.560, 2217.0
1857, 18.570, 1912.0
1858, 18.580, 1865.0
1859, 18.590, 2249.0
1860, 18.600, 2292.0
1861, 18.610, 2224.0
1862, 18.620, 2176.0
1863, 18.630, 1750.0
1864, 18.640, 1968.0
1865, 18.650, 1980.0
1866, 18.660, 1860.0
1867, 18.670, 1747.0
1868, 18.680, 1618.0
1869, 18.690, 1583.0
1870, 18.700, 1632.0
1871, 18.710, 1661.0
1872, 18.720, 1657.0
1873, 18.730, 1530.0
1874, 18.740, 1469.0
1875, 18.750, 1447.0
1876, 18.760, 1520.0
1877, 18.770, 1599.0
1878, 18.780, 1550.0
1879, 18.790, 1445.0
1880, 18.800, 1460.0
1881, 18.810, 1507.0
1882, 18.820, 1626.0
1883, 18.830, 1568.0
1884, 18.840, 1451.0
1885, 18.850, 1476.0
1886, 18.860, 1597.0
1887, 18.870, 1688.0
1888, 18.880, 1620.0
1889, 18.890, 1582.0
1890, 18.900, 1576.0
1891, 18.910, 1644.0
1892, 18.920, 1696.0
1893, 18.930, 1711.0
1894, 18.940, 1782.0
1895, 18.950, 1803.0
1896, 18.960, 1830.0
1897, 18.970, 1901.0
1898, 18.980, 2079.0
1899, 18.990, 2258.0
1900, 19.000, 2215.0
1901, 19.010, 2159.0
1902, 19.020, 2166.0
1903, 19.030, 2211.0
1904, 19.040, 2341.0
1905, 19.050, 2328.0
1906, 19.060, 2210.0
1907, 19.070, 2143.0
1908, 19.080, 2121.0
1909, 19.090, 2252.0
1910, 19.100, 2257.0
1911, 19.110, 2215.0
1912, 19.120, 2034.0
1913, 19.130, 2000.0
1914, 19.140, 2038.0
1915, 19.150, 1725.0
1916, 19.160, 1692.0
1917, 19.170, 1622.0
1918, 19.180, 1666.0
1919, 19.190, 1697.0
1920, 19.200, 1555.0
1921, 19.210, 1516.0
1922, 19.220, 1561.0
1923, 19.230, 1523.0
1924, 19.240, 1516.0
1925, 19.250, 1439.0
1926, 19.260, 1496.0
1927, 19.270, 1534.0
1928, 19.280, 1478.0
1929, 19.290, 1445.0
1930, 19.300, 1423.0
1931, 19.310, 1479.0
1932, 19.320, 1580.0
1933, 19.330, 1594.0
1934, 19.340, 1525.0
1935, 19.350, 1543.0
1936, 19.360, 1579.0
1937, 19.370, 1608.0
1938, 19.380, 1648.0
1939, 19.390, 1637.0
1940, 19.400, 1596.0
1941, 19.410, 1641.0
1942, 19.420, 1664.0
1943, 19.430, 1799.0
1944, 19.440, 2151.0
1945, 19.450, 1975.0
1946, 19.460, 1925.0
1947, 19.470, 1851.0
1948, 19.480, 2187.0
1949, 19.490, 2301.0
1950, 19.500, 2223.0
1951, 19.510, 2225.0
1952, 19.520, 2092.0
1953, 19.530, 2258.0
1954, 19.540, 2389.0
1955, 19.550, 2377.0
1956, 19.560, 2291.0
1957, 19.570, 2147.0
1958, 19.580, 2233.0
1959, 19.590, 2313.0
1960, 19.600, 2314.0
1961, 19.610, 2110.0
1962, 19.620, 1651.0
1963, 19.630, 1753.0
1964, 19.640, 1893.0
1965, 19.650, 1777.0
1966, 19.660, 1696.0
1967, 19.670, 1595.0
1968, 19.680, 1602.0
1969, 19.690, 1579.0
1970, 19.700, 1570.0
1971, 19.710, 1573.0
1972, 19.720, 1543.0
1973, 19.730, 1510.0
1974, 19.740, 1451.0
1975, 19.750, 1430.0
1976, 19.760, 1583.0
1977, 19.770, 1569.0
1978, 19.780, 1526.0
1979, 19.790, 1449.0
1980, 19.800, 1401.0
1981, 19.810, 1541.0
1982, 19.820, 1591.0
1983, 19.830, 1562.0
1984, 19.840, 1526.0
1985, 19.850, 1486.0
1986, 19.860, 1573.0
1987, 19.870, 1627.0
1988, 19.880, 1697.0
1989, 19.890, 1664.0
1990, 19.900, 1599.0
1991, 19.910, 1618.0
1992, 19.920, 1695.0
1993, 19.930, 2034.0
1994, 19.940, 1957.0
1995, 19.950, 2092.0
1996, 19.960, 1814.0
1997, 19.970, 1734.0
1998, 19.980, 2178.0
1999, 19.990, 2202.0
2000, 20.000, 2273.0
2001, 20.010, 2202.0
2002, 20.020, 2088.0
2003, 20.030, 2261.0
2004, 20.040, 2352.0
2005, 20.050, 2433.0
2006, 20.060, 2215.0
2007, 20.070, 2061.0
2008, 20.080, 2218.0
2009, 20.090, 2327.0
2010, 20.100, 2291.0
2011, 20.110, 1840.0
2012, 20.120, 1771.0
2013, 20.130, 2092.0
2014, 20.140, 2078.0
2015, 20.150, 2110.0
2016, 20.160, 1698.0
2017, 20.170, 1617.0
2018, 20.180, 1639.0
2019, 20.190, 1514.0
2020, 20.200, 1574.0
2021, 20.210, 1578.0
2022, 20.220, 1582.0
2023, 20.230, 1510.0
2024, 20.240, 1396.0
2025, 20.250, 1458.0
2026, 20.260, 1503.0
2027, 20.270, 1529.0
2028, 20.280, 1474.0
2029, 20.290, 1393.0
2030, 20.300, 1442.0
2031, 20.310, 1512.0
2032, 20.320, 1611.0
2033, 20.330, 1563.0
2034, 20.340, 1493.0
2035, 20.350, 1515.0
2036, 20.360, 1558.0
2037, 20.370, 1603.0
2038, 20.380, 1619.0
2039, 20.390, 1645.0
2040, 20.400, 1651.0
2041, 20.410, 1636.0
2042, 20.420, 1743.0
2043, 20.430, 1721.0
2044, 20.440, 1777.0
2045, 20.450, 2146.0
2046, 20.460, 1719.0
2047, 20.470, 1983.0
2048, 20.480, 2172.0
2049, 20.490, 2193.0
2050, 20.500, 2293.0
2051, 20.510, 2222.0
2052, 20.520, 2194.0
2053, 20.530, 2260.0
2054, 20.540, 2362.0
2055, 20.550, 2464.0
2056, 20.560, 2314.0
2057, 20.570, 2213.0
2058, 20.580, 2261.0
2059, 20.590, 2381.0
2060, 20.600, 2373.0
2061, 20.610, 2190.0
2062, 20.620, 2102.0
2063, 20.630, 1695.0
2064, 20.640, 2094.0
2065, 20.650, 1982.0
2066, 20.660, 1667.0
2067, 20.670, 1703.0
2068, 20.680, 1572.0
2069, 20.690, 1557.0
2070, 20.700, 1580.0
2071, 20.710, 1581.0
2072, 20.720, 1675.0
2073, 20.730, 1491.0
2074, 20.740, 1436.0
2075, 20.750, 1454.0
2076, 20.760, 1541.0
2077, 20.770, 1596.0
2078, 20.780, 1511.0
2079, 20.790, 1440.0
2080, 20.800, 1471.0
2081, 20.810, 1567.0
2082, 20.820, 1609.0
2083, 20.830, 1529.0
2084, 20.840, 1529.0
2085, 20.850, 1562.0
2086, 20.860, 1638.0
2087, 20.870, 1685.0
2088, 20.880, 1565.0
2089, 20.890, 1574.0
2090, 20.900, 1609.0
2091, 20.910, 1667.0
2092, 20.920, 1832.0
2093, 20.930, 1698.0
2094, 20.940, 1799.0
2095, 20.950, 1723.0
2096, 20.960, 1733.0
2097, 20.970, 1949.0
2098, 20.980, 2009.0
2099, 20.990, 2213.0
2100, 21.000, 2180.0
2101, 21.010, 2174.0
2102, 21.020, 2039.0
2103, 21.030, 2230.0
2104, 21.040, 2396.0
2105, 21.050, 2406.0
2106, 21.060, 2254.0
2107, 21.070, 2197.0
2108, 21.080, 2268.0
2109, 21.090, 2371.0
2110, 21.100, 2320.0
2111, 21.110, 2265.0
2112, 21.120, 2132.0
2113, 21.130, 1751.0
2114, 21.140, 2207.0
2115, 21.150, 1813.0
2116, 21.160, 1861.0
2117, 21.170, 1747.0
2118, 21.180, 1565.0
2119, 21.190, 1569.0
2120, 21.200, 1543.0
2121, 21.210, 1625.0
2122, 21.220, 1624.0
2123, 21.230, 1475.0
2124, 21.240, 1457.0
2125, 21.250, 1443.0
2126, 21.260, 1561.0
2127, 21.270, 1566.0
2128, 21.280, 1492.0
2129, 21.290, 1443.0
2130, 21.300, 1512.0
2131, 21.310, 1643.0
2132, 21.320, 1644.0
2133, 21.330, 1539.0
2134, 21.340, 1487.0
2135, 21.350, 1519.0
2136, 21.360, 1613.0
2137, 21.370, 1606.0
2138, 21.380, 1639.0
2139, 21.390, 1624.0
2140, 21.400, 1603.0
2141, 21.410, 1700.0
2142, 21.420, 1694.0
2143, 21.430, 1746.0
2144, 21.440, 1867.0
2145, 21.450, 1761.0
2146, 21.460, 1817.0
2147, 21.470, 1838.0
2148, 21.480, 2139.0
2149, 21.490, 2239.0
2150, 21.500, 2204.0
2151, 21.510, 2085.0
2152, 21.520, 1822.0
2153, 21.530, 2205.0
2154, 21.540, 2307.0
2155, 21.550, 2270.0
2156, 21.560, 2235.0
2157, 21.570, 1832.0
2158, 21.580, 2288.0
2159, 21.590, 2382.0
2160, 21.600, 2356.0
2161, 21.610, 2308.0
2162, 21.620, 1857.0
2163, 21.630, 2107.0
2164, 21.640, 1772.0
2165, 21.650, 1711.0
2166, 21.660, 1766.0
2167, 21.670, 1622.0
2168, 21.680, 1661.0
2169, 21.690, 1560.0
2170, 21.700, 1555.0
2171, 21.710, 1615.0
2172, 21.720, 1558.0
2173, 21.730, 1515.0
2174, 21.740, 1501.0
2175, 21.750, 1491.0
2176, 21.760, 1615.0
2177, 21.770, 1587.0
2178, 21.780, 1509.0
2179, 21.790, 1453.0
2180, 21.800, 1513.0
2181, 21.810, 1608.0
2182, 21.820, 1569.0
2183, 21.830, 1566.0
2184, 21.840, 1533.0
2185, 21.850, 1609.0
2186, 21.860, 1694.0
2187, 21.870, 1675.0
2188, 21.880, 1642.0
2189, 21.890, 1591.0
2190, 21.900, 1640.0
2191, 21.910, 1720.0
2192, 21.920, 1758.0
2193, 21.930, 1945.0
2194, 21.940, 1749.0
2195, 21.950, 1733.0
2196, 21.960, 1747.0
2197, 21.970, 1800.0
2198, 21.980, 2258.0
2199, 21.990, 2326.0
2200, 22.000, 2272.0
2201, 22.010, 2166.0
2202, 22.020, 2147.0
2203, 22.030, 2369.0
2204, 22.040, 2374.0
2205, 22.050, 2391.0
2206, 22.060, 2181.0
2207, 22.070, 2183.0
2208, 22.080, 2341.0
2209, 22.090, 2362.0
2210, 22.100, 2390.0
2211, 22.110, 2027.0
2212, 22.120, 1786.0
2213, 22.130, 1926.0
2214, 22.140, 1765.0
2215, 22.150, 1879.0
2216, 22.160, 1746.0
2217, 22.170, 1633.0
2218, 22.180, 1615.0
2219, 22.190, 1549.0
2220, 22.200, 1648.0
2221, 22.210, 1614.0
2222, 22.220, 1577.0
2223, 22.230, 1523.0
2224, 22.240, 1433.0
2225, 22.250, 1524.0
2226, 22.260, 1591.0
2227, 22.270, 1612.0
2228, 22.280, 1527.0
2229, 22.290, 1480.0
2230, 22.300, 1558.0
2231, 22.310, 1603.0
2232, 22.320, 1647.0
2233, 22.330, 1553.0
2234, 22.340, 1543.0
2235, 22.350, 1586.0
2236, 22.360, 1611.0
2237, 22.370, 1669.0
2238, 22.380, 1639.0
2239, 22.390, 1671.0
2240, 22.400, 1646.0
2241, 22.410, 1644.0
2242, 22.420, 1727.0
2243, 22.430, 1931.0
2244, 22.440, 1797.0
2245, 22.450, 1863.0
2246, 22.460, 1714.0
2247, 22.470, 2153.0
2248, 22.480, 2262.0
2249, 22.490, 2329.0
2250, 22.500, 2275.0
2251, 22.510, 1976.0
2252, 22.520, 2243.0
2253, 22.530, 2283.0
2254, 22.540, 2409.0
2255, 22.550, 2263.0
2256, 22.560, 2011.0
2257, 22.570, 2261.0
2258, 22.580, 2378.0
2259, 22.590, 2457.0
2260, 22.600, 2314.0
2261, 22.610, 1912.0
2262, 22.620, 1763.0
2263, 22.630, 1705.0
2264, 22.640, 2153.0
2265, 22.650, 2035.0
2266, 22.660, 1703.0
2267, 22.670, 1738.0
2268, 22.680, 1582.0
2269, 22.690, 1548.0
2270, 22.700, 1614.0
2271, 22.710, 1593.0
2272, 22.720, 1647.0
2273, 22.730, 1493.0
2274, 22.740, 1492.0
2275, 22.750, 1537.0
2276, 22.760, 1613.0
2277, 22.770, 1588.0
2278, 22.780, 1497.0
2279, 22.790, 1474.0
2280, 22.800, 1537.0
2281, 22.810, 1587.0
2282, 22.820, 1618.0
2283, 22.830, 1577.0
2284, 22.840, 1549.0
2285, 22.850, 1565.0
2286, 22.860, 1587.0
2287, 22.870, 1630.0
2288, 22.880, 1677.0
2289, 22.890, 1731.0
2290, 22.900, 1645.0
2291, 22.910, 1654.0
2292, 22.920, 1715.0
2293, 22.930, 1674.0
2294, 22.940, 1918.0
2295, 22.950, 1816.0
2296, 22.960, 1738.0
2297, 22.970, 1954.0
2298, 22.980, 1872.0
2299, 22.990, 2230.0
2300, 23.000, 2131.0
2301, 23.010, 2100.0
2302, 23.020, 2173.0
2303, 23.030, 2327.0
2304, 23.040, 2435.0
2305, 23.050, 2256.0
2306, 23.060, 2137.0
2307, 23.070, 2171.0
2308, 23.080, 2329.0
2309, 23.090, 2344.0
2310, 23.100, 1984.0
2311, 23.110, 1766.0
2312, 23.120, 2191.0
2313, 23.130, 2233.0
2314, 23.140, 2275.0
2315, 23.150, 1699.0
2316, 23.160, 1731.0
2317, 23.170, 1619.0
2318, 23.180, 1620.0
2319, 23.190, 1991.0
2320, 23.200, 1663.0
2321, 23.210, 1679.0
2322, 23.220, 1569.0
2323, 23.230, 1505.0
2324, 23.240, 1557.0
2325, 23.250, 1602.0
2326, 23.260, 1633.0
2327, 23.270, 1554.0
2328, 23.280, 1530.0
2329, 23.290, 1518.0
2330, 23.300, 1587.0
2331, 23.310, 1649.0
2332, 23.320, 1611.0
2333, 23.330, 1555.0
2334, 23.340, 1533.0
2335, 23.350, 1581.0
2336, 23.360, 1672.0
2337, 23.370, 1615.0
2338, 23.380, 1618.0
2339, 23.390, 1623.0
2340, 23.400, 1575.0
2341, 23.410, 1703.0
2342, 23.420, 1613.0
2343, 23.430, 1712.0
2344, 23.440, 1845.0
2345, 23.450, 1704.0
2346, 23.460, 1779.0
2347, 23.470, 1717.0
2348, 23.480, 2160.0
2349, 23.490, 2239.0
2350, 23.500, 2109.0
2351, 23.510, 1880.0
2352, 23.520, 2095.0
2353, 23.530, 2306.0
2354, 23.540, 2410.0
2355, 23.550, 2312.0
2356, 23.560, 2207.0
2357, 23.570, 2193.0
2358, 23.580, 2373.0
2359, 23.590, 2346.0
2360, 23.600, 2264.0
2361, 23.610, 2230.0
2362, 23.620, 1833.0
2363, 23.630, 2238.0
2364, 23.640, 2190.0
2365, 23.650, 2004.0
2366, 23.660, 2025.0
2367, 23.670, 1653.0
2368, 23.680, 1873.0
2369, 23.690, 1683.0
2370, 23.700, 1698.0
2371, 23.710, 1717.0
2372, 23.720, 1600.0
2373, 23.730, 1553.0
2374, 23.740, 1603.0
2375, 23.750, 1636.0
2376, 23.760, 1667.0
2377, 23.770, 1575.0
2378, 23.780, 1559.0
2379, 23.790, 1549.0
2380, 23.800, 1598.0
2381, 23.810, 1629.0
2382, 23.820, 1572.0
2383, 23.830, 1579.0
2384, 23.840, 1536.0
2385, 23.850, 1610.0
2386, 23.860, 1649.0
2387, 23.870, 1598.0
2388, 23.880, 1590.0
2389, 23.890, 1538.0
2390, 23.900, 1625.0
2391, 23.910, 1666.0
2392, 23.920, 1627.0
2393, 23.930, 1689.0
2394, 23.940, 1607.0
2395, 23.950, 1667.0
2396, 23.960, 1677.0
2397, 23.970, 1727.0
2398, 23.980, 2100.0
2399, 23.990, 1913.0
2400, 24.000, 1766.0
2401, 24.010, 1757.0
2402, 24.020, 2149.0
2403, 24.030, 2348.0
2404, 24.040, 2272.0
2405, 24.050, 2241.0
2406, 24.060, 2204.0
2407, 24.070, 2322.0
2408, 24.080, 2432.0
2409, 24.090, 2271.0
2410, 24.100, 2246.0
2411, 24.110, 2084.0
2412, 24.120, 2288.0
2413, 24.130, 2242.0
2414, 24.140, 2121.0
2415, 24.150, 2138.0
2416, 24.160, 1685.0
2417, 24.170, 1669.0
2418, 24.180, 1876.0
2419, 24.190, 1787.0
2420, 24.200, 1713.0
2421, 24.210, 1655.0
2422, 24.220, 1608.0
2423, 24.230, 1599.0
2424, 24.240, 1559.0
2425, 24.250, 1627.0
2426, 24.260, 1610.0
2427, 24.270, 1598.0
2428, 24.280, 1541.0
2429, 24.290, 1516.0
2430, 24.300, 1623.0
2431, 24.310, 1588.0
2432, 24.320, 1611.0
2433, 24.330, 1547.0
2434, 24.340, 1565.0
2435, 24.350, 1702.0
2436, 24.360, 1620.0
2437, 24.370, 1662.0
2438, 24.380, 1589.0
2439, 24.390, 1588.0
2440, 24.400, 1636.0
2441, 24.410, 1645.0
2442, 24.420, 1710.0
2443, 24.430, 1697.0
2444, 24.440, 1640.0
2445, 24.450, 1694.0
2446, 24.460, 1698.0
2447, 24.470, 2190.0
2448, 24.480, 2202.0
2449, 24.490, 2071.0
2450, 24.500, 1917.0
2451, 24.510, 1891.0
2452, 24.520, 2288.0
2453, 24.530, 2301.0
2454, 24.540, 2333.0
2455, 24.550, 2211.0
2456, 24.560, 2014.0
2457, 24.570, 2311.0
2458, 24.580, 2289.0
2459, 24.590, 2391.0
2460, 24.600, 2217.0
2461, 24.610, 1836.0
2462, 24.620, 2254.0
2463, 24.630, 2064.0
2464, 24.640, 2203.0
2465, 24.650, 2130.0
2466, 24.660, 1729.0
2467, 24.670, 1723.0
2468, 24.680, 1684.0
2469, 24.690, 1674.0
2470, 24.700, 1735.0
2471, 24.710, 1675.0
2472, 24.720, 1666.0
2473, 24.730, 1565.0
2474, 24.740, 1594.0
2475, 24.750, 1613.0
2476, 24.760, 1626.0
2477, 24.770, 1581.0
2478, 24.780, 1522.0
2479, 24.790, 1585.0
2480, 24.800, 1599.0
2481, 24.810, 1639.0
2482, 24.820, 1567.0
2483, 24.830, 1520.0
2484, 24.840, 1618.0
2485, 24.850, 1587.0
2486, 24.860, 1599.0
2487, 24.870, 1620.0
2488, 24.880, 1536.0
2489, 24.890, 1619.0
2490, 24.900, 1597.0
2491, 24.910, 1615.0
2492, 24.920, 1695.0
2493, 24.930, 1678.0
2494, 24.940, 1697.0
2495, 24.950, 1675.0
2496, 24.960, 1766.0
2497, 24.970, 2074.0
2498, 24.980, 1969.0
2499, 24.990, 2209.0
2500, 25.000, 1804.0
2501, 25.010, 2151.0
2502, 25.020, 2146.0
2503, 25.030, 2278.0
2504, 25.040, 2385.0
2505, 25.050, 2147.0
2506, 25.060, 2229.0
2507, 25.070, 2241.0
2508, 25.080, 2391.0
2509, 25.090, 2444.0
2510, 25.100, 2126.0
2511, 25.110, 2073.0
2512, 25.120, 2233.0
2513, 25.130, 2213.0
2514, 25.140, 2320.0
2515, 25.150, 1967.0
2516, 25.160, 1818.0
2517, 25.170, 1767.0
2518, 25.180, 1723.0
2519, 25.190, 1877.0
2520, 25.200, 1740.0
2521, 25.210, 1719.0
2522, 25.220, 1625.0
2523, 25.230, 1575.0
2524, 25.240, 1663.0
2525, 25.250, 1668.0
2526, 25.260, 1660.0
2527, 25.270, 1563.0
2528, 25.280, 1581.0
2529, 25.290, 1588.0
2530, 25.300, 1615.0
2531, 25.310, 1619.0
2532, 25.320, 1548.0
2533, 25.330, 1545.0
2534, 25.340, 1590.0
2535, 25.350, 1572.0
2536, 25.360, 1647.0
2537, 25.370, 1573.0
2538, 25.380, 1564.0
2539, 25.390, 1624.0
2540, 25.400, 1551.0
2541, 25.410, 1663.0
2542, 25.420, 1599.0
2543, 25.430, 1610.0
2544, 25.440, 1632.0
2545, 25.450, 1611.0
2546, 25.460, 1715.0
2547, 25.470, 1686.0
2548, 25.480, 1780.0
2549, 25.490, 1777.0
2550, 25.500, 1731.0
2551, 25.510, 1841.0
2552, 25.520, 1957.0
2553, 25.530, 2260.0
2554, 25.540, 2203.0
2555, 25.550, 2022.0
2556, 25.560, 2159.0
2557, 25.570, 2195.0
2558, 25.580, 2373.0
2559, 25.590, 2305.0
2560, 25.600, 2134.0
2561, 25.610, 2320.0
2562, 25.620, 2245.0
2563, 25.630, 2264.0
2564, 25.640, 2227.0
2565, 25.650, 1779.0
2566, 25.660, 2188.0
2567, 25.670, 1849.0
2568, 25.680, 2230.0
2569, 25.690, 1871.0
2570, 25.700, 1737.0
2571, 25.710, 1688.0
2572, 25.720, 1641.0
2573, 25.730, 1700.0
2574, 25.740, 1692.0
2575, 25.750, 1686.0
2576, 25.760, 1633.0
2577, 25.770, 1567.0
2578, 25.780, 1593.0
2579, 25.790, 1606.0
2580, 25.800, 1654.0
2581, 25.810, 1612.0
2582, 25.820, 1522.0
2583, 25.830, 1552.0
2584, 25.840, 1567.0
2585, 25.850, 1676.0
2586, 25.860, 1678.0
2587, 25.870, 1520.0
2588, 25.880, 1567.0
2589, 25.890, 1531.0
2590, 25.900, 1583.0
2591, 25.910, 1682.0
2592, 25.920, 1616.0
2593, 25.930, 1655.0
2594, 25.940, 1561.0
2595, 25.950, 1625.0
2596, 25.960, 1671.0
2597, 25.970, 1917.0
2598, 25.980, 1855.0
2599, 25.990, 1699.0
2600, 26.000, 1731.0
2601, 26.010, 1785.0
2602, 26.020, 2200.0
2603, 26.030, 2325.0
2604, 26.040, 2107.0
2605, 26.050, 2140.0
2606, 26.060, 1800.0
2607, 26.070, 2128.0
2608, 26.080, 2342.0
2609, 26.090, 2199.0
2610, 26.100, 2213.0
2611, 26.110, 1846.0
2612, 26.120, 2157.0
2613, 26.130, 2284.0
2614, 26.140, 2155.0
2615, 26.150, 2200.0
2616, 26.160, 1987.0
2617, 26.170, 1807.0
2618, 26.180, 2048.0
2619, 26.190, 1723.0
2620, 26.200, 1788.0
2621, 26.210, 1709.0
2622, 26.220, 1681.0
2623, 26.230, 1644.0
2624, 26.240, 1654.0
2625, 26.250, 1702.0
2626, 26.260, 1639.0
2627, 26.270, 1611.0
2628, 26.280, 1589.0
2629, 26.290, 1551.0
2630, 26.300, 1686.0
2631, 26.310, 1574.0
2632, 26.320, 1556.0
2633, 26.330, 1562.0
2634, 26.340, 1555.0
2635, 26.350, 1659.0
2636, 26.360, 1551.0
2637, 26.370, 1567.0
2638, 26.380, 1570.0
2639, 26.390, 1568.0
2640, 26.400, 1613.0
2641, 26.410, 1575.0
2642, 26.420, 1595.0
2643, 26.430, 1618.0
2644, 26.440, 1593.0
2645, 26.450, 1655.0
2646, 26.460, 1628.0
2647, 26.470, 1740.0
2648, 26.480, 1735.0
2649, 26.490, 1704.0
2650, 26.500, 1759.0
2651, 26.510, 1736.0
2652, 26.520, 2208.0
2653, 26.530, 2202.0
2654, 26.540, 2125.0
2655, 26.550, 2190.0
2656, 26.560, 1942.0
2657, 26.570, 2353.0
2658, 26.580, 2277.0
2659, 26.590, 2188.0
2660, 26.600, 2152.0
2661, 26.610, 1754.0
2662, 26.620, 2275.0
2663, 26.630, 2300.0
2664, 26.640, 2275.0
2665, 26.650, 2184.0
2666, 26.660, 1997.0
2667, 26.670, 2192.0
2668, 26.680, 2197.0
2669, 26.690, 2041.0
2670, 26.700, 1907.0
2671, 26.710, 1712.0
2672, 26.720, 1781.0
2673, 26.730, 1721.0
2674, 26.740, 1730.0
2675, 26.750, 1661.0
2676, 26.760, 1605.0
2677, 26.770, 1641.0
2678, 26.780, 1598.0
2679, 26.790, 1649.0
2680, 26.800, 1631.0
2681, 26.810, 1549.0
2682, 26.820, 1597.0
2683, 26.830, 1550.0
2684, 26.840, 1633.0
2685, 26.850, 1633.0
2686, 26.860, 1533.0
2687, 26.870, 1539.0
2688, 26.880, 1548.0
2689, 26.890, 1599.0
2690, 26.900, 1649.0
2691, 26.910, 1578.0
2692, 26.920, 1557.0
2693, 26.930, 1541.0
2694, 26.940, 1582.0
2695, 26.950, 1648.0
2696, 26.960, 1619.0
2697, 26.970, 1669.0
2698, 26.980, 1571.0
2699, 26.990, 1672.0
2700, 27.000, 1674.0
2701, 27.010, 2006.0
2702, 27.020, 2126.0
2703, 27.030, 1781.0
2704, 27.040, 1858.0
2705, 27.050, 1710.0
2706, 27.060, 2158.0
2707, 27.070, 2320.0
2708, 27.080, 2223.0
2709, 27.090, 2247.0
2710, 27.100, 2155.0
2711, 27.110, 2213.0
2712, 27.120, 2373.0
2713, 27.130, 2265.0
2714, 27.140, 2287.0
2715, 27.150, 2216.0
2716, 27.160, 2135.0
2717, 27.170, 2234.0
2718, 27.180, 2200.0
2719, 27.190, 2144.0
2720, 27.200, 2046.0
2721, 27.210, 1784.0
2722, 27.220, 1785.0
2723, 27.230, 1715.0
2724, 27.240, 1814.0
2725, 27.250, 1657.0
2726, 27.260, 1708.0
2727, 27.270, 1649.0
2728, 27.280, 1623.0
2729, 27.290, 1676.0
2730, 27.300, 1619.0
2731, 27.310, 1636.0
2732, 27.320, 1601.0
2733, 27.330, 1555.0
2734, 27.340, 1627.0
2735, 27.350, 1579.0
2736, 27.360, 1542.0
2737, 27.370, 1543.0
2738, 27.380, 1506.0
2739, 27.390, 1623.0
2740, 27.400, 1587.0
2741, 27.410, 1557.0
2742, 27.420, 1555.0
2743, 27.430, 1490.0
2744, 27.440, 1624.0
2745, 27.450, 1620.0
2746, 27.460, 1595.0
2747, 27.470, 1603.0
2748, 27.480, 1598.0
2749, 27.490, 1668.0
2750, 27.500, 1676.0
2751, 27.510, 1871.0
2752, 27.520, 1757.0
2753, 27.530, 1844.0
2754, 27.540, 1868.0
2755, 27.550, 1764.0
2756, 27.560, 2260.0
2757, 27.570, 2353.0
2758, 27.580, 2279.0
2759, 27.590, 2256.0
2760, 27.600, 1885.0
2761, 27.610, 2292.0
2762, 27.620, 2366.0
2763, 27.630, 2248.0
2764, 27.640, 2253.0
2765, 27.650, 1818.0
2766, 27.660, 2207.0
2767, 27.670, 2190.0
2768, 27.680, 2192.0
2769, 27.690, 2204.0
2770, 27.700, 1871.0
2771, 27.710, 1902.0
2772, 27.720, 1773.0
2773, 27.730, 1817.0
2774, 27.740, 1860.0
2775, 27.750, 1712.0
2776, 27.760, 1710.0
2777, 27.770, 1636.0
2778, 27.780, 1672.0
2779, 27.790, 1679.0
2780, 27.800, 1670.0
2781, 27.810, 1652.0
2782, 27.820, 1590.0
2783, 27.830, 1584.0
2784, 27.840, 1601.0
2785, 27.850, 1544.0
2786, 27.860, 1641.0
2787, 27.870, 1532.0
2788, 27.880, 1548.0
2789, 27.890, 1601.0
2790, 27.900, 1530.0
2791, 27.910, 1589.0
2792, 27.920, 1496.0
2793, 27.930, 1557.0
2794, 27.940, 1594.0
2795, 27.950, 1584.0
2796, 27.960, 1601.0
2797, 27.970, 1594.0
2798, 27.980, 1635.0
2799, 27.990, 1629.0
2800, 28.000, 1657.0
2801, 28.010, 1751.0
2802, 28.020, 1714.0
2803, 28.030, 1939.0
2804, 28.040, 1800.0
2805, 28.050, 1880.0
2806, 28.060, 2213.0
2807, 28.070, 2156.0
2808, 28.080, 2243.0
2809, 28.090, 2182.0
2810, 28.100, 1990.0
2811, 28.110, 2317.0
2812, 28.120, 2267.0
2813, 28.130, 2335.0
2814, 28.140, 2187.0
2815, 28.150, 1954.0
2816, 28.160, 2265.0
2817, 28.170, 2224.0
2818, 28.180, 2264.0
2819, 28.190, 2111.0
2820, 28.200, 1938.0
2821, 28.210, 2086.0
2822, 28.220, 2050.0
2823, 28.230, 1960.0
2824, 28.240, 1771.0
2825, 28.250, 1736.0
2826, 28.260, 1736.0
2827, 28.270, 1650.0
2828, 28.280, 1716.0
2829, 28.290, 1658.0
2830, 28.300, 1669.0
2831, 28.310, 1624.0
2832, 28.320, 1575.0
2833, 28.330, 1619.0
2834, 28.340, 1572.0
2835, 28.350, 1569.0
2836, 28.360, 1552.0
2837, 28.370, 1493.0
2838, 28.380, 1577.0
2839, 28.390, 1548.0
2840, 28.400, 1576.0
2841, 28.410, 1564.0
2842, 28.420, 1472.0
2843, 28.430, 1534.0
2844, 28.440, 1516.0
2845, 28.450, 1593.0
2846, 28.460, 1573.0
2847, 28.470, 1516.0
2848, 28.480, 1561.0
2849, 28.490, 1593.0
2850, 28.500, 1635.0
2851, 28.510, 1664.0
2852, 28.520, 1606.0
2853, 28.530, 1704.0
2854, 28.540, 1633.0
2855, 28.550, 1800.0
2856, 28.560, 1941.0
2857, 28.570, 2011.0
2858, 28.580, 2168.0
2859, 28.590, 1706.0
2860, 28.600, 2075.0
2861, 28.610, 2243.0
2862, 28.620, 2304.0
2863, 28.630, 2295.0
2864, 28.640, 1869.0
2865, 28.650, 2153.0
2866, 28.660, 2243.0
2867, 28.670, 2255.0
2868, 28.680, 2318.0
2869, 28.690, 2126.0
2870, 28.700, 1995.0
2871, 28.710, 2187.0
2872, 28.720, 2199.0
2873, 28.730, 2218.0
2874, 28.740, 1892.0
2875, 28.750, 1776.0
2876, 28.760, 1782.0
2877, 28.770, 1771.0
2878, 28.780, 1915.0
2879, 28.790, 1692.0
2880, 28.800, 1732.0
2881, 28.810, 1627.0
2882, 28.820, 1649.0
2883, 28.830, 1652.0
2884, 28.840, 1608.0
2885, 28.850, 1621.0
2886, 28.860, 1556.0
2887, 28.870, 1540.0
2888, 28.880, 1591.0
2889, 28.890, 1571.0
2890, 28.900, 1590.0
2891, 28.910, 1536.0
2892, 28.920, 1515.0
2893, 28.930, 1568.0
2894, 28.940, 1516.0
2895, 28.950, 1586.0
2896, 28.960, 1531.0
2897, 28.970, 1520.0
2898, 28.980, 1588.0
2899, 28.990, 1544.0
2900, 29.000, 1631.0
2901, 29.010, 1615.0
2902, 29.020, 1636.0
2903, 29.030, 1640.0
2904, 29.040, 1632.0
2905, 29.050, 1757.0
2906, 29.060, 1736.0
2907, 29.070, 1995.0
2908, 29.080, 1780.0
2909, 29.090, 1730.0
2910, 29.100, 2135.0
2911, 29.110, 2174.0
2912, 29.120, 2213.0
2913, 29.130, 2260.0
2914, 29.140, 2072.0
2915, 29.150, 2198.0
2916, 29.160, 2257.0
2917, 29.170, 2308.0
2918, 29.180, 2271.0
2919, 29.190, 1851.0
2920, 29.200, 2203.0
2921, 29.210, 2181.0
2922, 29.220, 2261.0
2923, 29.230, 2135.0
2924, 29.240, 1801.0
2925, 29.250, 1782.0
2926, 29.260, 1789.0
2927, 29.270, 2082.0
2928, 29.280, 1759.0
2929, 29.290, 1713.0
2930, 29.300, 1696.0
2931, 29.310, 1617.0
2932, 29.320, 1677.0
2933, 29.330, 1649.0
2934, 29.340, 1628.0
2935, 29.350, 1591.0
2936, 29.360, 1516.0
2937, 29.370, 1553.0
2938, 29.380, 1579.0
2939, 29.390, 1531.0
2940, 29.400, 1555.0
2941, 29.410, 1457.0
2942, 29.420, 1509.0
2943, 29.430, 1537.0
2944, 29.440, 1551.0
2945, 29.450, 1598.0
2946, 29.460, 1503.0
2947, 29.470, 1553.0
2948, 29.480, 1555.0
2949, 29.490, 1597.0
2950, 29.500, 1624.0
2951, 29.510, 1630.0
2952, 29.520, 1648.0
2953, 29.530, 1612.0
2954, 29.540, 1642.0
2955, 29.550, 1713.0
2956, 29.560, 1768.0
2957, 29.570, 2116.0
2958, 29.580, 1746.0
2959, 29.590, 1761.0
2960, 29.600, 1949.0
2961, 29.610, 2130.0
2962, 29.620, 2242.0
2963, 29.630, 2091.0
2964, 29.640, 2163.0
2965, 29.650, 2233.0
2966, 29.660, 2220.0
2967, 29.670, 2295.0
2968, 29.680, 2168.0
2969, 29.690, 2099.0
2970, 29.700, 2134.0
2971, 29.710, 2164.0
2972, 29.720, 2230.0
2973, 29.730, 2007.0
2974, 29.740, 1859.0
2975, 29.750, 1808.0
2976, 29.760, 1924.0
2977, 29.770, 1987.0
2978, 29.780, 1747.0
2979, 29.790, 1734.0
2980, 29.800, 1670.0
2981, 29.810, 1649.0
2982, 29.820, 1708.0
2983, 29.830, 1637.0
2984, 29.840, 1667.0
2985, 29.850, 1577.0
2986, 29.860, 1523.0
2987, 29.870, 1598.0
2988, 29.880, 1573.0
2989, 29.890, 1633.0
2990, 29.900, 1563.0
2991, 29.910, 1488.0
2992, 29.920, 1535.0
2993, 29.930, 1522.0
2994, 29.940, 1608.0
2995, 29.950, 1544.0
2996, 29.960, 1484.0
2997, 29.970, 1506.0
2998, 29.980, 1519.0
2999, 29.990, 1603.0
3000, 30.000, 1600.0
3001, 30.010, 1569.0
3002, 30.020, 1571.0
3003, 30.030, 1587.0
3004, 30.040, 1653.0
3005, 30.050, 1663.0
3006, 30.060, 1715.0
3007, 30.070, 1783.0
3008, 30.080, 1667.0
3009, 30.090, 1873.0
3010, 30.100, 1751.0
3011, 30.110, 2160.0
3012, 30.120, 2228.0
3013, 30.130, 2086.0
3014, 30.140, 2175.0
3015, 30.150, 2124.0
3016, 30.160, 2280.0
3017, 30.170, 2307.0
3018, 30.180, 2227.0
3019, 30.190, 2192.0
3020, 30.200, 2144.0
3021, 30.210, 2249.0
3022, 30.220, 2289.0
3023, 30.230, 2177.0
3024, 30.240, 2143.0
3025, 30.250, 1922.0
3026, 30.260, 2154.0
3027, 30.270, 2166.0
3028, 30.280, 1913.0
3029, 30.290, 1777.0
3030, 30.300, 1671.0
3031, 30.310, 1724.0
3032, 30.320, 1754.0
3033, 30.330, 1718.0
3034, 30.340, 1706.0
3035, 30.350, 1564.0
3036, 30.360, 1614.0
3037, 30.370, 1642.0
3038, 30.380, 1642.0
3039, 30.390, 1576.0
3040, 30.400, 1543.0
3041, 30.410, 1602.0
3042, 30.420, 1609.0
3043, 30.430, 1585.0
3044, 30.440, 1603.0
3045, 30.450, 1529.0
3046, 30.460, 1542.0
3047, 30.470, 1539.0
3048, 30.480, 1557.0
3049, 30.490, 1650.0
3050, 30.500, 1535.0
3051, 30.510, 1563.0
3052, 30.520, 1571.0
3053, 30.530, 1749.0
3054, 30.540, 1588.0
3055, 30.550, 1649.0
3056, 30.560, 1560.0
3057, 30.570, 1765.0
3058, 30.580, 2240.0
3059, 30.590, 1680.0
3060, 30.600, 1666.0
3061, 30.610, 1724.0
3062, 30.620, 1942.0
3063, 30.630, 2203.0
3064, 30.640, 2177.0
3065, 30.650, 2190.0
3066, 30.660, 2225.0
3067, 30.670, 2133.0
3068, 30.680, 1902.0
3069, 30.690, 2226.0
3070, 30.700, 2202.0
3071, 30.710, 1813.0
3072, 30.720, 1818.0
3073, 30.730, 1800.0
3074, 30.740, 1953.0
3075, 30.750, 1863.0
3076, 30.760, 1896.0
3077, 30.770, 1712.0
3078, 30.780, 1764.0
3079, 30.790, 1667.0
3080, 30.800, 1688.0
3081, 30.810, 1736.0
3082, 30.820, 1749.0
3083, 30.830, 1749.0
3084, 30.840, 1610.0
3085, 30.850, 1547.0
3086, 30.860, 1597.0
3087, 30.870, 1625.0
3088, 30.880, 1700.0
3089, 30.890, 1637.0
3090, 30.900, 1487.0
3091, 30.910, 1509.0
3092, 30.920, 1543.0
3093, 30.930, 1640.0
3094, 30.940, 1669.0
3095, 30.950, 1547.0
3096, 30.960, 1491.0
3097, 30.970, 1542.0
3098, 30.980, 1646.0
3099, 30.990, 1657.0
3100, 31.000, 1593.0
3101, 31.010, 1550.0
3102, 31.020, 1520.0
3103, 31.030, 1716.0
3104, 31.040, 1670.0
3105, 31.050, 1713.0
3106, 31.060, 1644.0
3107, 31.070, 1626.0
3108, 31.080, 1763.0
3109, 31.090, 1715.0
3110, 31.100, 1809.0
3111, 31.110, 2107.0
3112, 31.120, 2143.0
3113, 31.130, 2176.0
3114, 31.140, 1819.0
3115, 31.150, 2041.0
3116, 31.160, 2242.0
3117, 31.170, 2235.0
3118, 31.180, 2245.0
3119, 31.190, 2046.0
3120, 31.200, 2194.0
3121, 31.210, 2276.0
3122, 31.220, 2212.0
3123, 31.230, 2250.0
3124, 31.240, 2066.0
3125, 31.250, 1960.0
3126, 31.260, 2011.0
3127, 31.270, 1930.0
3128, 31.280, 2129.0
3129, 31.290, 1786.0
3130, 31.300, 1737.0
3131, 31.310, 1678.0
3132, 31.320, 1729.0
3133, 31.330, 1768.0
3134, 31.340, 1723.0
3135, 31.350, 1678.0
3136, 31.360, 1622.0
3137, 31.370, 1594.0
3138, 31.380, 1682.0
3139, 31.390, 1623.0
3140, 31.400, 1646.0
3141, 31.410, 1576.0
3142, 31.420, 1547.0
3143, 31.430, 1615.0
3144, 31.440, 1559.0
3145, 31.450, 1563.0
3146, 31.460, 1529.0
3147, 31.470, 1517.0
3148, 31.480, 1587.0
3149, 31.490, 1555.0
3150, 31.500, 1573.0
3151, 31.510, 1526.0
3152, 31.520, 1523.0
3153, 31.530, 1595.0
3154, 31.540, 1603.0
3155, 31.550, 1592.0
3156, 31.560, 1555.0
3157, 31.570, 1569.0
3158, 31.580, 1647.0
3159, 31.590, 1664.0
3160, 31.600, 1692.0
3161, 31.610, 1675.0
3162, 31.620, 1659.0
3163, 31.630, 1756.0
3164, 31.640, 1700.0
3165, 31.650, 2091.0
3166, 31.660, 1967.0
3167, 31.670, 2062.0
3168, 31.680, 2037.0
3169, 31.690, 1781.0
3170, 31.700, 2226.0
3171, 31.710, 2238.0
3172, 31.720, 2191.0
3173, 31.730, 2160.0
3174, 31.740, 1839.0
3175, 31.750, 2193.0
3176, 31.760, 2254.0
3177, 31.770, 2218.0
3178, 31.780, 2207.0
3179, 31.790, 2023.0
3180, 31.800, 2151.0
3181, 31.810, 2109.0
3182, 31.820, 2136.0
3183, 31.830, 2107.0
3184, 31.840, 1778.0
3185, 31.850, 1776.0
3186, 31.860, 1753.0
3187, 31.870, 1778.0
3188, 31.880, 1842.0
3189, 31.890, 1695.0
3190, 31.900, 1691.0
3191, 31.910, 1627.0
3192, 31.920, 1680.0
3193, 31.930, 1671.0
3194, 31.940, 1644.0
3195, 31.950, 1617.0
3196, 31.960, 1562.0
3197, 31.970, 1548.0
3198, 31.980, 1607.0
3199, 31.990, 1603.0
3200, 32.000, 1623.0
3201, 32.010, 1568.0
3202, 32.020, 1525.0
3203, 32.030, 1570.0
3204, 32.040, 1530.0
3205, 32.050, 1562.0
3206, 32.060, 1541.0
3207, 32.070, 1530.0
3208, 32.080, 1607.0
3209, 32.090, 1596.0
3210, 32.100, 1600.0
3211, 32.110, 1565.0
3212, 32.120, 1583.0
3213, 32.130, 1613.0
3214, 32.140, 1641.0
3215, 32.150, 1708.0
3216, 32.160, 1667.0
3217, 32.170, 1689.0
3218, 32.180, 1693.0
3219, 32.190, 1732.0
3220, 32.200, 2056.0
3221, 32.210, 2017.0
3222, 32.220, 1872.0
3223, 32.230, 1853.0
3224, 32.240, 1749.0
3225, 32.250, 2169.0
3226, 32.260, 2196.0
3227, 32.270, 2177.0
3228, 32.280, 2204.0
3229, 32.290, 1960.0
3230, 32.300, 2229.0
3231, 32.310, 2205.0
3232, 32.320, 2170.0
3233, 32.330, 2140.0
3234, 32.340, 1980.0
3235, 32.350, 2214.0
3236, 32.360, 2212.0
3237, 32.370, 2185.0
3238, 32.380, 2049.0
3239, 32.390, 1748.0
3240, 32.400, 1814.0
3241, 32.410, 1788.0
3242, 32.420, 1911.0
3243, 32.430, 1765.0
3244, 32.440, 1704.0
3245, 32.450, 1698.0
3246, 32.460, 1668.0
3247, 32.470, 1684.0
3248, 32.480, 1694.0
3249, 32.490, 1600.0
3250, 32.500, 1620.0
3251, 32.510, 1557.0
3252, 32.520, 1595.0
3253, 32.530, 1634.0
3254, 32.540, 1566.0
3255, 32.550, 1600.0
3256, 32.560, 1522.0
3257, 32.570, 1562.0
3258, 32.580, 1581.0
3259, 32.590, 1589.0
3260, 32.600, 1587.0
3261, 32.610, 1514.0
3262, 32.620, 1530.0
3263, 32.630, 1590.0
3264, 32.640, 1596.0
3265, 32.650, 1600.0
3266, 32.660, 1547.0
3267, 32.670, 1556.0
3268, 32.680, 1602.0
3269, 32.690, 1641.0
3270, 32.700, 1689.0
3271, 32.710, 1631.0
3272, 32.720, 1643.0
3273, 32.730, 1653.0
3274, 32.740, 1691.0
3275, 32.750, 2055.0
3276, 32.760, 1823.0
3277, 32.770, 1911.0
3278, 32.780, 1745.0
3279, 32.790, 1778.0
3280, 32.800, 2180.0
3281, 32.810, 2141.0
3282, 32.820, 2163.0
3283, 32.830, 1989.0
3284, 32.840, 1944.0
3285, 32.850, 2191.0
3286, 32.860, 2211.0
3287, 32.870, 2204.0
3288, 32.880, 2139.0
3289, 32.890, 2007.0
3290, 32.900, 2201.0
3291, 32.910, 2192.0
3292, 32.920, 2189.0
3293, 32.930, 2072.0
3294, 32.940, 1800.0
3295, 32.950, 1911.0
3296, 32.960, 1870.0
3297, 32.970, 1958.0
3298, 32.980, 1798.0
3299, 32.990, 1737.0
3300, 33.000, 1731.0
3301, 33.010, 1682.0
3302, 33.020, 1725.0
3303, 33.030, 1688.0
3304, 33.040, 1660.0
3305, 33.050, 1638.0
3306, 33.060, 1592.0
3307, 33.070, 1629.0
3308, 33.080, 1616.0
3309, 33.090, 1622.0
3310, 33.100, 1597.0
3311, 33.110, 1554.0
3312, 33.120, 1562.0
3313, 33.130, 1590.0
3314, 33.140, 1581.0
3315, 33.150, 1571.0
3316, 33.160, 1534.0
3317, 33.170, 1571.0
3318, 33.180, 1609.0
3319, 33.190, 1571.0
3320, 33.200, 1583.0
3321, 33.210, 1535.0
3322, 33.220, 1570.0
3323, 33.230, 1603.0
3324, 33.240, 1617.0
3325, 33.250, 1619.0
3326, 33.260, 1573.0
3327, 33.270, 1641.0
3328, 33.280, 1658.0
3329, 33.290, 1728.0
3330, 33.300, 1714.0
3331, 33.310, 1675.0
3332, 33.320, 1712.0
3333, 33.330, 1737.0
3334, 33.340, 1831.0
3335, 33.350, 2122.0
3336, 33.360, 1980.0
3337, 33.370, 1928.0
3338, 33.380, 1746.0
3339, 33.390, 1949.0
3340, 33.400, 2245.0
3341, 33.410, 2259.0
3342, 33.420, 2249.0
3343, 33.430, 1972.0
3344, 33.440, 1836.0
3345, 33.450, 2162.0
3346, 33.460, 2199.0
3347, 33.470, 2218.0
3348, 33.480, 2088.0
3349, 33.490, 1977.0
3350, 33.500, 1872.0
3351, 33.510, 1845.0
3352, 33.520, 1919.0
3353, 33.530, 1798.0
3354, 33.540, 1737.0
3355, 33.550, 1713.0
3356, 33.560, 1676.0
3357, 33.570, 1723.0
3358, 33.580, 1684.0
3359, 33.590, 1667.0
3360, 33.600, 1656.0
3361, 33.610, 1619.0
3362, 33.620, 1654.0
3363, 33.630, 1605.0
3364, 33.640, 1615.0
3365, 33.650, 1603.0
3366, 33.660, 1567.0
3367, 33.670, 1626.0
3368, 33.680, 1580.0
3369, 33.690, 1584.0
3370, 33.700, 1548.0
3371, 33.710, 1537.0
3372, 33.720, 1594.0
3373, 33.730, 1604.0
3374, 33.740, 1608.0
3375, 33.750, 1561.0
3376, 33.760, 1560.0
3377, 33.770, 1630.0
3378, 33.780, 1639.0
3379, 33.790, 1657.0
3380, 33.800, 1633.0
3381, 33.810, 1624.0
3382, 33.820, 1704.0
3383, 33.830, 1697.0
3384, 33.840, 1804.0
3385, 33.850, 1824.0
3386, 33.860, 1756.0
3387, 33.870, 1840.0
3388, 33.880, 1723.0
3389, 33.890, 2067.0
3390, 33.900, 2155.0
3391, 33.910, 2164.0
3392, 33.920, 2160.0
3393, 33.930, 1806.0
3394, 33.940, 2102.0
3395, 33.950, 2181.0
3396, 33.960, 2196.0
3397, 33.970, 2180.0
3398, 33.980, 1963.0
3399, 33.990, 1990.0
3400, 34.000, 2135.0
3401, 34.010, 2165.0
3402, 34.020, 2198.0
3403, 34.030, 1817.0
3404, 34.040, 1793.0
3405, 34.050, 1790.0
3406, 34.060, 1824.0
3407, 34.070, 1831.0
3408, 34.080, 1701.0
3409, 34.090, 1716.0
3410, 34.100, 1675.0
3411, 34.110, 1673.0
3412, 34.120, 1696.0
3413, 34.130, 1652.0
3414, 34.140, 1679.0
3415, 34.150, 1606.0
3416, 34.160, 1596.0
3417, 34.170, 1618.0
3418, 34.180, 1623.0
3419, 34.190, 1625.0
3420, 34.200, 1549.0
3421, 34.210, 1545.0
3422, 34.220, 1606.0
3423, 34.230, 1593.0
3424, 34.240, 1605.0
3425, 34.250, 1558.0
3426, 34.260, 1545.0
3427, 34.270, 1588.0
3428, 34.280, 1597.0
3429, 34.290, 1639.0
3430, 34.300, 1604.0
3431, 34.310, 1586.0
3432, 34.320, 1604.0
3433, 34.330, 1632.0
3434, 34.340, 1722.0
3435, 34.350, 1702.0
3436, 34.360, 1692.0
3437, 34.370, 1698.0
3438, 34.380, 1690.0
3439, 34.390, 1786.0
3440, 34.400, 1788.0
3441, 34.410, 2011.0
3442, 34.420, 1860.0
3443, 34.430, 1742.0
3444, 34.440, 1881.0
3445, 34.450, 2047.0
3446, 34.460, 2163.0
3447, 34.470, 2197.0
3448, 34.480, 1886.0
3449, 34.490, 2064.0
3450, 34.500, 2138.0
3451, 34.510, 2170.0
3452, 34.520, 2174.0
3453, 34.530, 1908.0
3454, 34.540, 2014.0
3455, 34.550, 1800.0
3456, 34.560, 1938.0
3457, 34.570, 1893.0
3458, 34.580, 1767.0
3459, 34.590, 1761.0
3460, 34.600, 1702.0
3461, 34.610, 1721.0
3462, 34.620, 1705.0
3463, 34.630, 1701.0
3464, 34.640, 1682.0
3465, 34.650, 1628.0
3466, 34.660, 1640.0
3467, 34.670, 1635.0
3468, 34.680, 1637.0
3469, 34.690, 1626.0
3470, 34.700, 1575.0
3471, 34.710, 1579.0
3472, 34.720, 1611.0
3473, 34.730, 1596.0
3474, 34.740, 1631.0
3475, 34.750, 1552.0
3476, 34.760, 1567.0
3477, 34.770, 1585.0
3478, 34.780, 1595.0
3479, 34.790, 1617.0
3480, 34.800, 1572.0
3481, 34.810, 1584.0
3482, 34.820, 1601.0
3483, 34.830, 1650.0
3484, 34.840, 1672.0
3485, 34.850, 1674.0
3486, 34.860, 1679.0
3487, 34.870, 1668.0
3488, 34.880, 1713.0
3489, 34.890, 1741.0
3490, 34.900, 1729.0
3491, 34.910, 1843.0
3492, 34.920, 1779.0
3493, 34.930, 1787.0
3494, 34.940, 1942.0
3495, 34.950, 1989.0
3496, 34.960, 2141.0
3497, 34.970, 2018.0
3498, 34.980, 1859.0
3499, 34.990, 2044.0
3500, 35.000, 2094.0
3501, 35.010, 2157.0
3502, 35.020, 1990.0
3503, 35.030, 1877.0
3504, 35.040, 1906.0
3505, 35.050, 1876.0
3506, 35.060, 1954.0
3507, 35.070, 1784.0
3508, 35.080, 1759.0
3509, 35.090, 1719.0
3510, 35.100, 1709.0
3511, 35.110, 1742.0
3512, 35.120, 1711.0
3513, 35.130, 1680.0
3514, 35.140, 1646.0
3515, 35.150, 1623.0
3516, 35.160, 1646.0
3517, 35.170, 1636.0
3518, 35.180, 1658.0
3519, 35.190, 1605.0
3520, 35.200, 1560.0
3521, 35.210, 1589.0
3522, 35.220, 1582.0
3523, 35.230, 1640.0
3524, 35.240, 1596.0
3525, 35.250, 1549.0
3526, 35.260, 1571.0
3527, 35.270, 1587.0
3528, 35.280, 1627.0
3529, 35.290, 1603.0
3530, 35.300, 1574.0
3531, 35.310, 1600.0
3532, 35.320, 1627.0
3533, 35.330, 1671.0
3534, 35.340, 1673.0
3535, 35.350, 1663.0
3536, 35.360, 1681.0
3537, 35.370, 1681.0
3538, 35.380, 1729.0
3539, 35.390, 1747.0
3540, 35.400, 1828.0
3541, 35.410, 1963.0
3542, 35.420, 1745.0
3543, 35.430, 1847.0
3544, 35.440, 1801.0
3545, 35.450, 1993.0
3546, 35.460, 2129.0
3547, 35.470, 1860.0
3548, 35.480, 1944.0
3549, 35.490, 1860.0
3550, 35.500, 2118.0
3551, 35.510, 2120.0
3552, 35.520, 1942.0
3553, 35.530, 1851.0
3554, 35.540, 1763.0
3555, 35.550, 1814.0
3556, 35.560, 1904.0
3557, 35.570, 1785.0
3558, 35.580, 1747.0
3559, 35.590, 1684.0
3560, 35.600, 1691.0
3561, 35.610, 1694.0
3562, 35.620, 1671.0
3563, 35.630, 1683.0
3564, 35.640, 1632.0
3565, 35.650, 1636.0
3566, 35.660, 1626.0
3567, 35.670, 1608.0
3568, 35.680, 1647.0
3569, 35.690, 1590.0
3570, 35.700, 1599.0
3571, 35.710, 1602.0
3572, 35.720, 1577.0
3573, 35.730, 1617.0
3574, 35.740, 1582.0
3575, 35.750, 1590.0
3576, 35.760, 1589.0
3577, 35.770, 1596.0
3578, 35.780, 1624.0
3579, 35.790, 1608.0
3580, 35.800, 1624.0
3581, 35.810, 1610.0
3582, 35.820, 1614.0
3583, 35.830, 1654.0
3584, 35.840, 1668.0
3585, 35.850, 1690.0
3586, 35.860, 1690.0
3587, 35.870, 1709.0
3588, 35.880, 1722.0
3589, 35.890, 1712.0
3590, 35.900, 1818.0
3591, 35.910, 1792.0
3592, 35.920, 1773.0
3593, 35.930, 1767.0
3594, 35.940, 1794.0
3595, 35.950, 2097.0
3596, 35.960, 2057.0
3597, 35.970, 1938.0
3598, 35.980, 1884.0
3599, 35.990, 1883.0
3600, 36.000, 2108.0
3601, 36.010, 2041.0
3602, 36.020, 1870.0
3603, 36.030, 1814.0
3604, 36.040, 1782.0
3605, 36.050, 1849.0
3606, 36.060, 1774.0
3607, 36.070, 1738.0
3608, 36.080, 1715.0
3609, 36.090, 1683.0
3610, 36.100, 1734.0
3611, 36.110, 1693.0
3612, 36.120, 1691.0
3613, 36.130, 1659.0
3614, 36.140, 1626.0
3615, 36.150, 1633.0
3616, 36.160, 1619.0
3617, 36.170, 1645.0
3618, 36.180, 1617.0
3619, 36.190, 1598.0
3620, 36.200, 1598.0
3621, 36.210, 1575.0
3622, 36.220, 1603.0
3623, 36.230, 1618.0
3624, 36.240, 1600.0
3625, 36.250, 1595.0
3626, 36.260, 1583.0
3627, 36.270, 1601.0
3628, 36.280, 1635.0
3629, 36.290, 1616.0
3630, 36.300, 1632.0
3631, 36.310, 1617.0
3632, 36.320, 1647.0
3633, 36.330, 1655.0
3634, 36.340, 1656.0
3635, 36.350, 1681.0
3636, 36.360, 1658.0
3637, 36.370, 1700.0
3638, 36.380, 1699.0
3639, 36.390, 1747.0
3640, 36.400, 1806.0
3641, 36.410, 1747.0
3642, 36.420, 1761.0
3643, 36.430, 1756.0
3644, 36.440, 1827.0
3645, 36.450, 2059.0
3646, 36.460, 1933.0
3647, 36.470, 1830.0
3648, 36.480, 1825.0
3649, 36.490, 1863.0
3650, 36.500, 2081.0
3651, 36.510, 1956.0
3652, 36.520, 1839.0
3653, 36.530, 1767.0
3654, 36.540, 1789.0
3655, 36.550, 1845.0
3656, 36.560, 1788.0
3657, 36.570, 1763.0
3658, 36.580, 1718.0
3659, 36.590, 1705.0
3660, 36.600, 1733.0
3661, 36.610, 1702.0
3662, 36.620, 1709.0
3663, 36.630, 1671.0
3664, 36.640, 1653.0
3665, 36.650, 1643.0
3666, 36.660, 1643.0
3667, 36.670, 1659.0
3668, 36.680, 1629.0
3669, 36.690, 1612.0
3670, 36.700, 1611.0
3671, 36.710, 1581.0
3672, 36.720, 1631.0
3673, 36.730, 1629.0
3674, 36.740, 1609.0
3675, 36.750, 1603.0
3676, 36.760, 1591.0
3677, 36.770, 1630.0
3678, 36.780, 1641.0
3679, 36.790, 1624.0
3680, 36.800, 1612.0
3681, 36.810, 1612.0
3682, 36.820, 1641.0
3683, 36.830, 1655.0
3684, 36.840, 1677.0
3685, 36.850, 1651.0
3686, 36.860, 1656.0
3687, 36.870, 1684.0
3688, 36.880, 1685.0
3689, 36.890, 1729.0
3690, 36.900, 1747.0
3691, 36.910, 1729.0
3692, 36.920, 1751.0
3693, 36.930, 1727.0
3694, 36.940, 1791.0
3695, 36.950, 1931.0
3696, 36.960, 1850.0
3697, 36.970, 1899.0
3698, 36.980, 1760.0
3699, 36.990, 1821.0
3700, 37.000, 1960.0
3701, 37.010, 1902.0
3702, 37.020, 1905.0
3703, 37.030, 1752.0
3704, 37.040, 1775.0
3705, 37.050, 1765.0
3706, 37.060, 1774.0
3707, 37.070, 1777.0
3708, 37.080, 1723.0
3709, 37.090, 1710.0
3710, 37.100, 1684.0
3711, 37.110, 1699.0
3712, 37.120, 1718.0
3713, 37.130, 1687.0
3714, 37.140, 1674.0
3715, 37.150, 1635.0
3716, 37.160, 1632.0
3717, 37.170, 1653.0
3718, 37.180, 1646.0
3719, 37.190, 1647.0
3720, 37.200, 1614.0
3721, 37.210, 1609.0
3722, 37.220, 1639.0
3723, 37.230, 1634.0
3724, 37.240, 1637.0
3725, 37.250, 1605.0
3726, 37.260, 1607.0
3727, 37.270, 1639.0
3728, 37.280, 1630.0
3729, 37.290, 1643.0
3730, 37.300, 1623.0
3731, 37.310, 1639.0
3732, 37.320, 1659.0
3733, 37.330, 1670.0
3734, 37.340, 1670.0
3735, 37.350, 1660.0
3736, 37.360, 1682.0
3737, 37.370, 1698.0
3738, 37.380, 1704.0
3739, 37.390, 1741.0
3740, 37.400, 1709.0
3741, 37.410, 1734.0
3742, 37.420, 1765.0
3743, 37.430, 1715.0
3744, 37.440, 1813.0
3745, 37.450, 1813.0
3746, 37.460, 1788.0
3747, 37.470, 1773.0
3748, 37.480, 1757.0
3749, 37.490, 1849.0
3750, 37.500, 1874.0
3751, 37.510, 1842.0
3752, 37.520, 1773.0
3753, 37.530, 1753.0
3754, 37.540, 1798.0
3755, 37.550, 1757.0
3756, 37.560, 1782.0
3757, 37.570, 1731.0
3758, 37.580, 1722.0
3759, 37.590, 1714.0
3760, 37.600, 1700.0
3761, 37.610, 1696.0
3762, 37.620, 1693.0
3763, 37.630, 1676.0
3764, 37.640, 1684.0
3765, 37.650, 1650.0
3766, 37.660, 1681.0
3767, 37.670, 1670.0
3768, 37.680, 1654.0
3769, 37.690, 1644.0
3770, 37.700, 1620.0
3771, 37.710, 1634.0
3772, 37.720, 1640.0
3773, 37.730, 1630.0
3774, 37.740, 1626.0
3775, 37.750, 1602.0
3776, 37.760, 1610.0
3777, 37.770, 1641.0
3778, 37.780, 1653.0
3779, 37.790, 1650.0
3780, 37.800, 1623.0
3781, 37.810, 1635.0
3782, 37.820, 1650.0
3783, 37.830, 1678.0
3784, 37.840, 1670.0
3785, 37.850, 1659.0
3786, 37.860, 1672.0
3787, 37.870, 1679.0
3788, 37.880, 1700.0
3789, 37.890, 1728.0
3790, 37.900, 1715.0
3791, 37.910, 1727.0
3792, 37.920, 1693.0
3793, 37.930, 1718.0
3794, 37.940, 1788.0
3795, 37.950, 1765.0
3796, 37.960, 1790.0
3797, 37.970, 1717.0
3798, 37.980, 1731.0
3799, 37.990, 1778.0
3800, 38.000, 1826.0
3801, 38.010, 1855.0
3802, 38.020, 1775.0
3803, 38.030, 1747.0
3804, 38.040, 1770.0
3805, 38.050, 1775.0
3806, 38.060, 1786.0
3807, 38.070, 1722.0
3808, 38.080, 1717.0
3809, 38.090, 1716.0
3810, 38.100, 1712.0
3811, 38.110, 1720.0
3812, 38.120, 1700.0
3813, 38.130, 1693.0
3814, 38.140, 1684.0
3815, 38.150, 1662.0
3816, 38.160, 1681.0
3817, 38.170, 1668.0
3818, 38.180, 1684.0
3819, 38.190, 1648.0
3820, 38.200, 1626.0
3821, 38.210, 1647.0
3822, 38.220, 1662.0
3823, 38.230, 1669.0
3824, 38.240, 1644.0
3825, 38.250, 1617.0
3826, 38.260, 1631.0
3827, 38.270, 1640.0
3828, 38.280, 1647.0
3829, 38.290, 1642.0
3830, 38.300, 1622.0
3831, 38.310, 1637.0
3832, 38.320, 1653.0
3833, 38.330, 1666.0
3834, 38.340, 1664.0
3835, 38.350, 1662.0
3836, 38.360, 1670.0
3837, 38.370, 1677.0
3838, 38.380, 1711.0
3839, 38.390, 1702.0
3840, 38.400, 1711.0
3841, 38.410, 1723.0
3842, 38.420, 1692.0
3843, 38.430, 1735.0
3844, 38.440, 1755.0
3845, 38.450, 1755.0
3846, 38.460, 1762.0
3847, 38.470, 1720.0
3848, 38.480, 1733.0
3849, 38.490, 1779.0
3850, 38.500, 1820.0
3851, 38.510, 1790.0
3852, 38.520, 1742.0
3853, 38.530, 1744.0
3854, 38.540, 1757.0
3855, 38.550, 1773.0
3856, 38.560, 1784.0
3857, 38.570, 1723.0
3858, 38.580, 1710.0
3859, 38.590, 1716.0
3860, 38.600, 1726.0
3861, 38.610, 1731.0
3862, 38.620, 1709.0
3863, 38.630, 1704.0
3864, 38.640, 1674.0
3865, 38.650, 1688.0
3866, 38.660, 1687.0
3867, 38.670, 1677.0
3868, 38.680, 1681.0
3869, 38.690, 1651.0
3870, 38.700, 1657.0
3871, 38.710, 1665.0
3872, 38.720, 1655.0
3873, 38.730, 1667.0
3874, 38.740, 1639.0
3875, 38.750, 1626.0
3876, 38.760, 1643.0
3877, 38.770, 1648.0
3878, 38.780, 1668.0
3879, 38.790, 1647.0
3880, 38.800, 1640.0
3881, 38.810, 1653.0
3882, 38.820, 1662.0
3883, 38.830, 1682.0
3884, 38.840, 1664.0
3885, 38.850, 1681.0
3886, 38.860, 1673.0
3887, 38.870, 1681.0
3888, 38.880, 1698.0
3889, 38.890, 1707.0
3890, 38.900, 1734.0
3891, 38.910, 1711.0
3892, 38.920, 1700.0
3893, 38.930, 1722.0
3894, 38.940, 1731.0
3895, 38.950, 1761.0
3896, 38.960, 1750.0
3897, 38.970, 1721.0
3898, 38.980, 1744.0
3899, 38.990, 1747.0
3900, 39.000, 1781.0
3901, 39.010, 1765.0
3902, 39.020, 1736.0
3903, 39.030, 1731.0
3904, 39.040, 1740.0
3905, 39.050, 1765.0
3906, 39.060, 1746.0
3907, 39.070, 1714.0
3908, 39.080, 1718.0
3909, 39.090, 1711.0
3910, 39.100, 1732.0
3911, 39.110, 1701.0
3912, 39.120, 1700.0
3913, 39.130, 1690.0
3914, 39.140, 1678.0
3915, 39.150, 1686.0
3916, 39.160, 1685.0
3917, 39.170, 1676.0
3918, 39.180, 1669.0
3919, 39.190, 1645.0
3920, 39.200, 1656.0
3921, 39.210, 1651.0
3922, 39.220, 1667.0
3923, 39.230, 1662.0
3924, 39.240, 1637.0
3925, 39.250, 1642.0
3926, 39.260, 1644.0
3927, 39.270, 1670.0
3928, 39.280, 1671.0
3929, 39.290, 1654.0
3930, 39.300, 1649.0
3931, 39.310, 1662.0
3932, 39.320, 1691.0
3933, 39.330, 1677.0
3934, 39.340, 1673.0
3935, 39.350, 1682.0
3936, 39.360, 1675.0
3937, 39.370, 1700.0
3938, 39.380, 1709.0
3939, 39.390, 1723.0
3940, 39.400, 1720.0
3941, 39.410, 1693.0
3942, 39.420, 1697.0
3943, 39.430, 1709.0
3944, 39.440, 1750.0
3945, 39.450, 1748.0
3946, 39.460, 1707.0
3947, 39.470, 1699.0
3948, 39.480, 1721.0
3949, 39.490, 1751.0
3950, 39.500, 1770.0
3951, 39.510, 1734.0
3952, 39.520, 1716.0
3953, 39.530, 1716.0
3954, 39.540, 1732.0
3955, 39.550, 1775.0
3956, 39.560, 1736.0
3957, 39.570, 1706.0
3958, 39.580, 1694.0
3959, 39.590, 1711.0
3960, 39.600, 1731.0
3961, 39.610, 1705.0
3962, 39.620, 1698.0
3963, 39.630, 1668.0
3964, 39.640, 1671.0
3965, 39.650, 1675.0
3966, 39.660, 1688.0
3967, 39.670, 1691.0
3968, 39.680, 1661.0
3969, 39.690, 1648.0
3970, 39.700, 1656.0
3971, 39.710, 1668.0
3972, 39.720, 1697.0
3973, 39.730, 1660.0
3974, 39.740, 1640.0
3975, 39.750, 1645.0
3976, 39.760, 1656.0
3977, 39.770, 1680.0
3978, 39.780, 1673.0
3979, 39.790, 1655.0
3980, 39.800, 1659.0
3981, 39.810, 1656.0
3982, 39.820, 1674.0
3983, 39.830, 1677.0
3984, 39.840, 1669.0
3985, 39.850, 1673.0
3986, 39.860, 1680.0
3987, 39.870, 1688.0
3988, 39.880, 1685.0
3989, 39.890, 1692.0
3990, 39.900, 1700.0
3991, 39.910, 1706.0
3992, 39.920, 1702.0
3993, 39.930, 1694.0
3994, 39.940, 1710.0
3995, 39.950, 1725.0
3996, 39.960, 1737.0
3997, 39.970, 1719.0
3998, 39.980, 1681.0
3999, 39.990, 1719.0
4000, 40.000, 1733.0
4001, 40.010, 1738.0
4002, 40.020, 1725.0
4003, 40.030, 1707.0
4004, 40.040, 1724.0
4005, 40.050, 1748.0
4006, 40.060, 1736.0
4007, 40.070, 1724.0
4008, 40.080, 1694.0
4009, 40.090, 1701.0
4010, 40.100, 1721.0
4011, 40.110, 1719.0
4012, 40.120, 1709.0
4013, 40.130, 1677.0
4014, 40.140, 1685.0
4015, 40.150, 1679.0
4016, 40.160, 1706.0
4017, 40.170, 1704.0
4018, 40.180, 1674.0
4019, 40.190, 1657.0
4020, 40.200, 1661.0
4021, 40.210, 1680.0
4022, 40.220, 1694.0
4023, 40.230, 1661.0
4024, 40.240, 1653.0
4025, 40.250, 1657.0
4026, 40.260, 1680.0
4027, 40.270, 1694.0
4028, 40.280, 1676.0
4029, 40.290, 1649.0
4030, 40.300, 1655.0
4031, 40.310, 1663.0
4032, 40.320, 1687.0
4033, 40.330, 1680.0
4034, 40.340, 1670.0
4035, 40.350, 1673.0
4036, 40.360, 1690.0
4037, 40.370, 1675.0
4038, 40.380, 1690.0
4039, 40.390, 1699.0
4040, 40.400, 1691.0
4041, 40.410, 1716.0
4042, 40.420, 1702.0
4043, 40.430, 1700.0
4044, 40.440, 1717.0
4045, 40.450, 1714.0
4046, 40.460, 1730.0
4047, 40.470, 1716.0
4048, 40.480, 1704.0
4049, 40.490, 1733.0
4050, 40.500, 1739.0
4051, 40.510, 1744.0
4052, 40.520, 1721.0
4053, 40.530, 1701.0
4054, 40.540, 1729.0
4055, 40.550, 1724.0
4056, 40.560, 1732.0
4057, 40.570, 1703.0
4058, 40.580, 1698.0
4059, 40.590, 1707.0
4060, 40.600, 1713.0
4061, 40.610, 1719.0
4062, 40.620, 1699.0
4063, 40.630, 1685.0
4064, 40.640, 1672.0
4065, 40.650, 1687.0
4066, 40.660, 1699.0
4067, 40.670, 1687.0
4068, 40.680, 1670.0
4069, 40.690, 1660.0
4070, 40.700, 1662.0
4071, 40.710, 1684.0
4072, 40.720, 1679.0
4073, 40.730, 1665.0
4074, 40.740, 1660.0
4075, 40.750, 1647.0
4076, 40.760, 1678.0
4077, 40.770, 1685.0
4078, 40.780, 1672.0
4079, 40.790, 1666.0
4080, 40.800, 1655.0
4081, 40.810, 1680.0
4082, 40.820, 1682.0
4083, 40.830, 1677.0
4084, 40.840, 1674.0
4085, 40.850, 1676.0
4086, 40.860, 1689.0
4087, 40.870, 1689.0
4088, 40.880, 1697.0
4089, 40.890, 1692.0
4090, 40.900, 1692.0
4091, 40.910, 1706.0
4092, 40.920, 1699.0
4093, 40.930, 1717.0
4094, 40.940, 1724.0
4095, 40.950, 1720.0
4096, 40.960, 1718.0
4097, 40.970, 1693.0
4098, 40.980, 1721.0
4099, 40.990, 1731.0
4100, 41.000, 1727.0
4101, 41.010, 1729.0
4102, 41.020, 1705.0
4103, 41.030, 1708.0
4104, 41.040, 1729.0
4105, 41.050, 1727.0
4106, 41.060, 1727.0
4107, 41.070, 1694.0
4108, 41.080, 1709.0
4109, 41.090, 1697.0
4110, 41.100, 1721.0
4111, 41.110, 1713.0
4112, 41.120, 1690.0
4113, 41.130, 1681.0
4114, 41.140, 1692.0
4115, 41.150, 1695.0
4116, 41.160, 1700.0
4117, 41.170, 1679.0
4118, 41.180, 1691.0
4119, 41.190, 1670.0
4120, 41.200, 1672.0
4121, 41.210, 1685.0
4122, 41.220, 1682.0
4123, 41.230, 1680.0
4124, 41.240, 1670.0
4125, 41.250, 1659.0
4126, 41.260, 1684.0
4127, 41.270, 1685.0
4128, 41.280, 1686.0
4129, 41.290, 1670.0
4130, 41.300, 1665.0
4131, 41.310, 1677.0
4132, 41.320, 1681.0
4133, 41.330, 1686.0
4134, 41.340, 1679.0
4135, 41.350, 1676.0
4136, 41.360, 1677.0
4137, 41.370, 1684.0
4138, 41.380, 1698.0
4139, 41.390, 1701.0
4140, 41.400, 1711.0
4141, 41.410, 1694.0
4142, 41.420, 1695.0
4143, 41.430, 1696.0
4144, 41.440, 1700.0
4145, 41.450, 1716.0
4146, 41.460, 1710.0
4147, 41.470, 1684.0
4148, 41.480, 1709.0
4149, 41.490, 1708.0
4150, 41.500, 1728.0
4151, 41.510, 1733.0
4152, 41.520, 1701.0
4153, 41.530, 1713.0
4154, 41.540, 1732.0
4155, 41.550, 1719.0
4156, 41.560, 1732.0
4157, 41.570, 1720.0
4158, 41.580, 1714.0
4159, 41.590, 1711.0
4160, 41.600, 1726.0
4161, 41.610, 1723.0
4162, 41.620, 1703.0
4163, 41.630, 1710.0
4164, 41.640, 1705.0
4165, 41.650, 1718.0
4166, 41.660, 1700.0
4167, 41.670, 1697.0
4168, 41.680, 1690.0
4169, 41.690, 1688.0
4170, 41.700, 1696.0
4171, 41.710, 1695.0
4172, 41.720, 1686.0
4173, 41.730, 1698.0
4174, 41.740, 1680.0
4175, 41.750, 1687.0
4176, 41.760, 1688.0
4177, 41.770, 1680.0
4178, 41.780, 1688.0
4179, 41.790, 1668.0
4180, 41.800, 1673.0
4181, 41.810, 1678.0
4182, 41.820, 1676.0
4183, 41.830, 1686.0
4184, 41.840, 1680.0
4185, 41.850, 1681.0
4186, 41.860, 1684.0
4187, 41.870, 1687.0
4188, 41.880, 1687.0
4189, 41.890, 1689.0
4190, 41.900, 1701.0
4191, 41.910, 1689.0
4192, 41.920, 1701.0
4193, 41.930, 1705.0
4194, 41.940, 1703.0
4195, 41.950, 1710.0
4196, 41.960, 1699.0
4197, 41.970, 1705.0
4198, 41.980, 1709.0
4199, 41.990, 1717.0
4200, 42.000, 1743.0
4201, 42.010, 1705.0
4202, 42.020, 1711.0
4203, 42.030, 1713.0
4204, 42.040, 1724.0
4205, 42.050, 1728.0
4206, 42.060, 1718.0
4207, 42.070, 1710.0
4208, 42.080, 1715.0
4209, 42.090, 1717.0
4210, 42.100, 1718.0
4211, 42.110, 1703.0
4212, 42.120, 1703.0
4213, 42.130, 1696.0
4214, 42.140, 1699.0
4215, 42.150, 1695.0
4216, 42.160, 1699.0
4217, 42.170, 1698.0
4218, 42.180, 1691.0
4219, 42.190, 1682.0
4220, 42.200, 1692.0
4221, 42.210, 1687.0
4222, 42.220, 1699.0
4223, 42.230, 1683.0
4224, 42.240, 1672.0
4225, 42.250, 1685.0
4226, 42.260, 1681.0
4227, 42.270, 1680.0
4228, 42.280, 1676.0
4229, 42.290, 1677.0
4230, 42.300, 1676.0
4231, 42.310, 1670.0
4232, 42.320, 1681.0
4233, 42.330, 1686.0
4234, 42.340, 1682.0
4235, 42.350, 1692.0
4236, 42.360, 1684.0
4237, 42.370, 1693.0
4238, 42.380, 1694.0
4239, 42.390, 1695.0
4240, 42.400, 1704.0
4241, 42.410, 1697.0
4242, 42.420, 1708.0
4243, 42.430, 1697.0
4244, 42.440, 1709.0
4245, 42.450, 1715.0
4246, 42.460, 1706.0
4247, 42.470, 1709.0
4248, 42.480, 1716.0
4249, 42.490, 1722.0
4250, 42.500, 1719.0
4251, 42.510, 1700.0
4252, 42.520, 1705.0
4253, 42.530, 1705.0
4254, 42.540, 1716.0
4255, 42.550, 1713.0
4256, 42.560, 1696.0
4257, 42.570, 1699.0
4258, 42.580, 1710.0
4259, 42.590, 1716.0
4260, 42.600, 1708.0
4261, 42.610, 1695.0
4262, 42.620, 1685.0
4263, 42.630, 1698.0
4264, 42.640, 1704.0
4265, 42.650, 1693.0
4266, 42.660, 1699.0
4267, 42.670, 1691.0
4268, 42.680, 1683.0
4269, 42.690, 1686.0
4270, 42.700, 1692.0
4271, 42.710, 1696.0
4272, 42.720, 1688.0
4273, 42.730, 1677.0
4274, 42.740, 1677.0
4275, 42.750, 1673.0
4276, 42.760, 1683.0
4277, 42.770, 1691.0
4278, 42.780, 1676.0
4279, 42.790, 1671.0
4280, 42.800, 1671.0
4281, 42.810, 1685.0
4282, 42.820, 1689.0
4283, 42.830, 1686.0
4284, 42.840, 1680.0
4285, 42.850, 1685.0
4286, 42.860, 1689.0
4287, 42.870, 1691.0
4288, 42.880, 1683.0
4289, 42.890, 1694.0
4290, 42.900, 1715.0
4291, 42.910, 1686.0
4292, 42.920, 1680.0
4293, 42.930, 1680.0
4294, 42.940, 1716.0
4295, 42.950, 1710.0
4296, 42.960, 1699.0
4297, 42.970, 1684.0
4298, 42.980, 1700.0
4299, 42.990, 1714.0
4300, 43.000, 1720.0
4301, 43.010, 1709.0
4302, 43.020, 1697.0
4303, 43.030, 1695.0
4304, 43.040, 1705.0
4305, 43.050, 1713.0
4306, 43.060, 1714.0
4307, 43.070, 1693.0
4308, 43.080, 1699.0
4309, 43.090, 1707.0
4310, 43.100, 1710.0
4311, 43.110, 1703.0
4312, 43.120, 1699.0
4313, 43.130, 1701.0
4314, 43.140, 1699.0
4315, 43.150, 1694.0
4316, 43.160, 1697.0
4317, 43.170, 1686.0
4318, 43.180, 1681.0
4319, 43.190, 1675.0
4320, 43.200, 1691.0
4321, 43.210, 1698.0
4322, 43.220, 1683.0
4323, 43.230, 1687.0
4324, 43.240, 1694.0
4325, 43.250, 1695.0
4326, 43.260, 1702.0
4327, 43.270, 1674.0
4328, 43.280, 1706.0
4329, 43.290, 1696.0
4330, 43.300, 1695.0
4331, 43.310, 1676.0
4332, 43.320, 1700.0
4333, 43.330, 1698.0
4334, 43.340, 1681.0
4335, 43.350, 1677.0
4336, 43.360, 1698.0
4337, 43.370, 1690.0
4338, 43.380, 1691.0
4339, 43.390, 1701.0
4340, 43.400, 1710.0
4341, 43.410, 1697.0
4342, 43.420, 1691.0
4343, 43.430, 1693.0
4344, 43.440, 1711.0
4345, 43.450, 1710.0
4346, 43.460, 1697.0
4347, 43.470, 1684.0
4348, 43.480, 1707.0
4349, 43.490, 1711.0
4350, 43.500, 1715.0
4351, 43.510, 1698.0
4352, 43.520, 1698.0
4353, 43.530, 1701.0
4354, 43.540, 1715.0
4355, 43.550, 1705.0
4356, 43.560, 1707.0
4357, 43.570, 1694.0
4358, 43.580, 1702.0
4359, 43.590, 1707.0
4360, 43.600, 1700.0
4361, 43.610, 1702.0
4362, 43.620, 1697.0
4363, 43.630, 1704.0
4364, 43.640, 1699.0
4365, 43.650, 1703.0
4366, 43.660, 1700.0
4367, 43.670, 1689.0
4368, 43.680, 1705.0
4369, 43.690, 1686.0
4370, 43.700, 1695.0
4371, 43.710, 1693.0
4372, 43.720, 1692.0
4373, 43.730, 1680.0
4374, 43.740, 1685.0
4375, 43.750, 1684.0
4376, 43.760, 1686.0
4377, 43.770, 1699.0
4378, 43.780, 1699.0
4379, 43.790, 1689.0
4380, 43.800, 1675.0
4381, 43.810, 1668.0
4382, 43.820, 1677.0
4383, 43.830, 1703.0
4384, 43.840, 1690.0
4385, 43.850, 1687.0
4386, 43.860, 1691.0
4387, 43.870, 1680.0
4388, 43.880, 1694.0
4389, 43.890, 1694.0
4390, 43.900, 1708.0
4391, 43.910, 1688.0
4392, 43.920, 1691.0
4393, 43.930, 1690.0
4394, 43.940, 1706.0
4395, 43.950, 1698.0
4396, 43.960, 1687.0
4397, 43.970, 1688.0
4398, 43.980, 1720.0
4399, 43.990, 1709.0
4400, 44.000, 1693.0
4401, 44.010, 1705.0
4402, 44.020, 1699.0
4403, 44.030, 1708.0
4404, 44.040, 1707.0
4405, 44.050, 1693.0
4406, 44.060, 1700.0
4407, 44.070, 1707.0
4408, 44.080, 1695.0
4409, 44.090, 1711.0
4410, 44.100, 1708.0
4411, 44.110, 1695.0
4412, 44.120, 1693.0
4413, 44.130, 1705.0
4414, 44.140, 1710.0
4415, 44.150, 1698.0
4416, 44.160, 1689.0
4417, 44.170, 1696.0
4418, 44.180, 1698.0
4419, 44.190, 1708.0
4420, 44.200, 1709.0
4421, 44.210, 1697.0
4422, 44.220, 1699.0
4423, 44.230, 1697.0
4424, 44.240, 1688.0
4425, 44.250, 1697.0
4426, 44.260, 1702.0
4427, 44.270, 1682.0
4428, 44.280, 1679.0
4429, 44.290, 1681.0
4430, 44.300, 1693.0
4431, 44.310, 1694.0
4432, 44.320, 1684.0
4433, 44.330, 1685.0
4434, 44.340, 1689.0
4435, 44.350, 1687.0
4436, 44.360, 1692.0
4437, 44.370, 1689.0
4438, 44.380, 1690.0
4439, 44.390, 1686.0
4440, 44.400, 1686.0
4441, 44.410, 1679.0
4442, 44.420, 1696.0
4443, 44.430, 1692.0
4444, 44.440, 1691.0
4445, 44.450, 1695.0
4446, 44.460, 1700.0
4447, 44.470, 1685.0
4448, 44.480, 1690.0
4449, 44.490, 1690.0
4450, 44.500, 1701.0
4451, 44.510, 1683.0
4452, 44.520, 1688.0
4453, 44.530, 1692.0
4454, 44.540, 1690.0
4455, 44.550, 1721.0
4456, 44.560, 1703.0
4457, 44.570, 1695.0
4458, 44.580, 1697.0
4459, 44.590, 1696.0
4460, 44.600, 1705.0
4461, 44.610, 1702.0
4462, 44.620, 1695.0
4463, 44.630, 1694.0
4464, 44.640, 1703.0
4465, 44.650, 1695.0
4466, 44.660, 1705.0
4467, 44.670, 1700.0
4468, 44.680, 1682.0
4469, 44.690, 1681.0
4470, 44.700, 1697.0
4471, 44.710, 1697.0
4472, 44.720, 1697.0
4473, 44.730, 1682.0
4474, 44.740, 1691.0
4475, 44.750, 1694.0
4476, 44.760, 1688.0
4477, 44.770, 1682.0
4478, 44.780, 1687.0
4479, 44.790, 1691.0
4480, 44.800, 1691.0
4481, 44.810, 1676.0
4482, 44.820, 1693.0
4483, 44.830, 1688.0
4484, 44.840, 1689.0
4485, 44.850, 1693.0
4486, 44.860, 1695.0
4487, 44.870, 1697.0
4488, 44.880, 1700.0
4489, 44.890, 1694.0
4490, 44.900, 1702.0
4491, 44.910, 1690.0
4492, 44.920, 1695.0
4493, 44.930, 1689.0
4494, 44.940, 1692.0
4495, 44.950, 1696.0
4496, 44.960, 1702.0
4497, 44.970, 1707.0
4498, 44.980, 1697.0
4499, 44.990, 1702.0
